#
# There is insufficient memory for the Java Runtime Environment to continue.
# Native memory allocation (mmap) failed to map 497025024 bytes. Error detail: G1 virtual space
# Possible reasons:
#   The system is out of physical RAM or swap space
#   This process is running with CompressedOops enabled, and the Java Heap may be blocking the growth of the native heap
# Possible solutions:
#   Reduce memory load on the system
#   Increase physical memory or swap space
#   Check if swap backing store is full
#   Decrease Java heap size (-Xmx/-Xms)
#   Decrease number of Java threads
#   Decrease Java thread stack sizes (-Xss)
#   Set larger code cache with -XX:ReservedCodeCacheSize=
#   JVM is running with Zero Based Compressed Oops mode in which the Java heap is
#     placed in the first 32GB address space. The Java Heap base address is the
#     maximum limit for the native heap growth. Please use -XX:HeapBaseMinAddress
#     to set the Java Heap base and to place the Java Heap above 32GB virtual address.
# This output file may be truncated or incomplete.
#
#  Out of Memory Error (os_windows.cpp:3707), pid=28544, tid=7676
#
# JRE version: Java(TM) SE Runtime Environment (23.0.2+7) (build 23.0.2+7-58)
# Java VM: Java HotSpot(TM) 64-Bit Server VM (23.0.2+7-58, mixed mode, sharing, tiered, compressed oops, compressed class ptrs, g1 gc, windows-amd64)
# No core dump will be written. Minidumps are not enabled by default on client versions of Windows
#

---------------  S U M M A R Y ------------

Command Line: Main

Host: 11th Gen Intel(R) Core(TM) i5-11300H @ 3.10GHz, 8 cores, 11G,  Windows 11 , 64 bit Build 26100 (10.0.26100.8246)
Time: Tue Apr 28 21:46:05 2026  Windows 11 , 64 bit Build 26100 (10.0.26100.8246) elapsed time: 2899.421629 seconds (0d 0h 48m 19s)

---------------  T H R E A D  ---------------

Current thread (0x000002f2fb41a280):  VMThread "VM Thread"          [id=7676, stack(0x000000f87fc00000,0x000000f87fd00000) (1024K)]

Stack: [0x000000f87fc00000,0x000000f87fd00000]
Native frames: (J=compiled Java code, j=interpreted, Vv=VM code, C=native code)
V  [jvm.dll+0x6e0b99]  (no source info available)
V  [jvm.dll+0x87e2b3]  (no source info available)
V  [jvm.dll+0x88073e]  (no source info available)
V  [jvm.dll+0x880e13]  (no source info available)
V  [jvm.dll+0x27b006]  (no source info available)
V  [jvm.dll+0x6dd485]  (no source info available)
V  [jvm.dll+0x6d127a]  (no source info available)
V  [jvm.dll+0x35b50a]  (no source info available)
V  [jvm.dll+0x363916]  (no source info available)
V  [jvm.dll+0x34fe7e]  (no source info available)
V  [jvm.dll+0x350118]  (no source info available)
V  [jvm.dll+0x328aec]  (no source info available)
V  [jvm.dll+0x328b7a]  (no source info available)
V  [jvm.dll+0x374db2]  (no source info available)
V  [jvm.dll+0x3734b2]  (no source info available)
V  [jvm.dll+0x3282c7]  (no source info available)
V  [jvm.dll+0x372f78]  (no source info available)
V  [jvm.dll+0x886d50]  (no source info available)
V  [jvm.dll+0x888077]  (no source info available)
V  [jvm.dll+0x8885a8]  (no source info available)
V  [jvm.dll+0x888843]  (no source info available)
V  [jvm.dll+0x8254cb]  (no source info available)
V  [jvm.dll+0x6df345]  (no source info available)
C  [ucrtbase.dll+0x37b0]  (no source info available)
C  [KERNEL32.DLL+0x2e8d7]  (no source info available)
C  [ntdll.dll+0x8c3fc]  (no source info available)

VM_Operation (0x000000f87f5fef48): G1TryInitiateConcMark, mode: safepoint, requested by thread 0x000002f2db33ec90


---------------  P R O C E S S  ---------------

Threads class SMR info:
_java_thread_list=0x000002f2c5061540, length=12, elements={
0x000002f2db33ec90, 0x000002f2fb42f280, 0x000002f2fb42fce0, 0x000002f2fb43ea90,
0x000002f2fb43f840, 0x000002f2fb4403d0, 0x000002f2fb440e30, 0x000002f2fb443770,
0x000002f2fb444480, 0x000002f2c51649d0, 0x000002f2c516a890, 0x000002f2c517ac00
}

Java Threads: ( => current thread )
  0x000002f2db33ec90 JavaThread "main"                              [_thread_blocked, id=27312, stack(0x000000f87f500000,0x000000f87f600000) (1024K)]
  0x000002f2fb42f280 JavaThread "Reference Handler"          daemon [_thread_blocked, id=21880, stack(0x000000f87fd00000,0x000000f87fe00000) (1024K)]
  0x000002f2fb42fce0 JavaThread "Finalizer"                  daemon [_thread_blocked, id=29844, stack(0x000000f87fe00000,0x000000f87ff00000) (1024K)]
  0x000002f2fb43ea90 JavaThread "Signal Dispatcher"          daemon [_thread_blocked, id=32972, stack(0x000000f87ff00000,0x000000f880000000) (1024K)]
  0x000002f2fb43f840 JavaThread "Attach Listener"            daemon [_thread_blocked, id=21520, stack(0x000000f800000000,0x000000f800100000) (1024K)]
  0x000002f2fb4403d0 JavaThread "Service Thread"             daemon [_thread_blocked, id=12696, stack(0x000000f800100000,0x000000f800200000) (1024K)]
  0x000002f2fb440e30 JavaThread "Monitor Deflation Thread"   daemon [_thread_blocked, id=30416, stack(0x000000f800200000,0x000000f800300000) (1024K)]
  0x000002f2fb443770 JavaThread "C2 CompilerThread0"         daemon [_thread_blocked, id=30700, stack(0x000000f800300000,0x000000f800400000) (1024K)]
  0x000002f2fb444480 JavaThread "C1 CompilerThread0"         daemon [_thread_blocked, id=21148, stack(0x000000f800400000,0x000000f800500000) (1024K)]
  0x000002f2c51649d0 JavaThread "Notification Thread"        daemon [_thread_blocked, id=30936, stack(0x000000f800500000,0x000000f800600000) (1024K)]
  0x000002f2c516a890 JavaThread "Common-Cleaner"             daemon [_thread_blocked, id=33456, stack(0x000000f800600000,0x000000f800700000) (1024K)]
  0x000002f2c517ac00 JavaThread "Thread-0"                   daemon [_thread_in_native, id=1896, stack(0x000000f800700000,0x000000f800800000) (1024K)]
Total: 12

Other Threads:
=>0x000002f2fb41a280 VMThread "VM Thread"                           [id=7676, stack(0x000000f87fc00000,0x000000f87fd00000) (1024K)]
  0x000002f2fb406230 WatcherThread "VM Periodic Task Thread"        [id=30352, stack(0x000000f87fb00000,0x000000f87fc00000) (1024K)]
  0x000002f2dd50cb60 WorkerThread "GC Thread#0"                     [id=29480, stack(0x000000f87f600000,0x000000f87f700000) (1024K)]
  0x000002f2c5261ed0 WorkerThread "GC Thread#1"                     [id=25096, stack(0x000000f800800000,0x000000f800900000) (1024K)]
  0x000002f2c5262280 WorkerThread "GC Thread#2"                     [id=33436, stack(0x000000f800900000,0x000000f800a00000) (1024K)]
  0x000002f2c52c0770 WorkerThread "GC Thread#3"                     [id=34744, stack(0x000000f800a00000,0x000000f800b00000) (1024K)]
  0x000002f2c526f970 WorkerThread "GC Thread#4"                     [id=17588, stack(0x000000f800b00000,0x000000f800c00000) (1024K)]
  0x000002f2c53d7910 WorkerThread "GC Thread#5"                     [id=18584, stack(0x000000f800d00000,0x000000f800e00000) (1024K)]
  0x000002f2c53dbf90 WorkerThread "GC Thread#6"                     [id=34544, stack(0x000000f800e00000,0x000000f800f00000) (1024K)]
  0x000002f2c525a810 WorkerThread "GC Thread#7"                     [id=5676, stack(0x000000f800f00000,0x000000f801000000) (1024K)]
  0x000002f2dd51d4f0 ConcurrentGCThread "G1 Main Marker"            [id=6812, stack(0x000000f87f700000,0x000000f87f800000) (1024K)]
  0x000002f2dd51e6b0 WorkerThread "G1 Conc#0"                       [id=19144, stack(0x000000f87f800000,0x000000f87f900000) (1024K)]
  0x000002f2c52e2910 WorkerThread "G1 Conc#1"                       [id=2384, stack(0x000000f800c00000,0x000000f800d00000) (1024K)]
  0x000002f2dd57eb90 ConcurrentGCThread "G1 Refine#0"               [id=32300, stack(0x000000f87f900000,0x000000f87fa00000) (1024K)]
  0x000002f2c5adc730 ConcurrentGCThread "G1 Refine#1"               [id=26556, stack(0x000000f801000000,0x000000f801100000) (1024K)]
  0x000002f2c55c5dd0 ConcurrentGCThread "G1 Refine#2"               [id=34128, stack(0x000000f801100000,0x000000f801200000) (1024K)]
  0x000002f2c55c5530 ConcurrentGCThread "G1 Refine#3"               [id=23924, stack(0x000000f801200000,0x000000f801300000) (1024K)]
  0x000002f2fb2d65d0 ConcurrentGCThread "G1 Service"                [id=24520, stack(0x000000f87fa00000,0x000000f87fb00000) (1024K)]
Total: 18

Threads with active compile tasks:
Total: 0

VM state: at safepoint (normal execution)

VM Mutex/Monitor currently owned by a thread:  ([mutex/lock_event])
[0x00007ffe4b8f4888] Threads_lock - owner thread: 0x000002f2fb41a280
[0x00007ffe4b8f4988] Heap_lock - owner thread: 0x000002f2db33ec90

Heap address: 0x0000000743e00000, size: 3010 MB, Compressed Oops mode: Zero based, Oop shift amount: 3

CDS archive(s) mapped at: [0x000002f280000000-0x000002f280d70000-0x000002f280d70000), size 14090240, SharedBaseAddress: 0x000002f280000000, ArchiveRelocationMode: 1.
Compressed class space mapped at: 0x000002f281000000-0x000002f2c1000000, reserved size: 1073741824
Narrow klass base: 0x000002f280000000, Narrow klass shift: 0, Narrow klass range: 0x41000000

GC Precious Log:
 CardTable entry size: 512
 Card Set container configuration: InlinePtr #cards 4 size 8 Array Of Cards #cards 16 size 48 Howl #buckets 8 coarsen threshold 3686 Howl Bitmap #cards 512 size 80 coarsen threshold 460 Card regions per heap region 1 cards per card region 4096
 CPUs: 8 total, 8 available
 Memory: 12033M
 Large Page Support: Disabled
 NUMA Support: Disabled
 Compressed Oops: Enabled (Zero based)
 Heap Region Size: 2M
 Heap Min Capacity: 8M
 Heap Initial Capacity: 190M
 Heap Max Capacity: 3010M
 Pre-touch: Disabled
 Parallel Workers: 8
 Concurrent Workers: 2
 Concurrent Refinement Workers: 8
 Periodic GC: Disabled

Heap:
 garbage-first heap   total reserved 3082240K, committed 1871872K, used 1668188K [0x0000000743e00000, 0x0000000800000000)
  region size 2048K, 2 young (4096K), 2 survivors (4096K)
 Metaspace       used 685K, committed 832K, reserved 1114112K
  class space    used 42K, committed 128K, reserved 1048576K

Heap Regions: E=young(eden), S=young(survivor), O=old, HS=humongous(starts), HC=humongous(continues), CS=collection set, F=free, TAMS=top-at-mark-start, PB=parsable bottom
|   0|0x0000000743e00000, 0x0000000744000000, 0x0000000744000000|100%|HS|  |TAMS 0x0000000744000000| PB 0x0000000743e00000| Complete |  0
|   1|0x0000000744000000, 0x0000000744200000, 0x0000000744200000|100%|HS|  |TAMS 0x0000000744200000| PB 0x0000000744000000| Complete |  0
|   2|0x0000000744200000, 0x0000000744400000, 0x0000000744400000|100%|HC|  |TAMS 0x0000000744400000| PB 0x0000000744200000| Complete |  0
|   3|0x0000000744400000, 0x0000000744600000, 0x0000000744600000|100%|HS|  |TAMS 0x0000000744600000| PB 0x0000000744400000| Complete |  0
|   4|0x0000000744600000, 0x0000000744800000, 0x0000000744800000|100%|HC|  |TAMS 0x0000000744800000| PB 0x0000000744600000| Complete |  0
|   5|0x0000000744800000, 0x0000000744a00000, 0x0000000744a00000|100%|HS|  |TAMS 0x0000000744a00000| PB 0x0000000744800000| Complete |  0
|   6|0x0000000744a00000, 0x0000000744c00000, 0x0000000744c00000|100%|HC|  |TAMS 0x0000000744c00000| PB 0x0000000744a00000| Complete |  0
|   7|0x0000000744c00000, 0x0000000744e00000, 0x0000000744e00000|100%|HC|  |TAMS 0x0000000744e00000| PB 0x0000000744c00000| Complete |  0
|   8|0x0000000744e00000, 0x0000000745000000, 0x0000000745000000|100%|HS|  |TAMS 0x0000000745000000| PB 0x0000000744e00000| Complete |  0
|   9|0x0000000745000000, 0x0000000745200000, 0x0000000745200000|100%|HC|  |TAMS 0x0000000745200000| PB 0x0000000745000000| Complete |  0
|  10|0x0000000745200000, 0x0000000745400000, 0x0000000745400000|100%|HC|  |TAMS 0x0000000745400000| PB 0x0000000745200000| Complete |  0
|  11|0x0000000745400000, 0x0000000745600000, 0x0000000745600000|100%|HC|  |TAMS 0x0000000745600000| PB 0x0000000745400000| Complete |  0
|  12|0x0000000745600000, 0x0000000745800000, 0x0000000745800000|100%|HS|  |TAMS 0x0000000745800000| PB 0x0000000745600000| Complete |  0
|  13|0x0000000745800000, 0x0000000745a00000, 0x0000000745a00000|100%|HC|  |TAMS 0x0000000745a00000| PB 0x0000000745800000| Complete |  0
|  14|0x0000000745a00000, 0x0000000745c00000, 0x0000000745c00000|100%|HC|  |TAMS 0x0000000745c00000| PB 0x0000000745a00000| Complete |  0
|  15|0x0000000745c00000, 0x0000000745e00000, 0x0000000745e00000|100%|HC|  |TAMS 0x0000000745e00000| PB 0x0000000745c00000| Complete |  0
|  16|0x0000000745e00000, 0x0000000746000000, 0x0000000746000000|100%|HC|  |TAMS 0x0000000746000000| PB 0x0000000745e00000| Complete |  0
|  17|0x0000000746000000, 0x0000000746200000, 0x0000000746200000|100%|HC|  |TAMS 0x0000000746200000| PB 0x0000000746000000| Complete |  0
|  18|0x0000000746200000, 0x0000000746400000, 0x0000000746400000|100%| O|  |TAMS 0x0000000746400000| PB 0x0000000746200000| Untracked |  0
|  19|0x0000000746400000, 0x0000000746600000, 0x0000000746600000|100%| O|  |TAMS 0x0000000746600000| PB 0x0000000746400000| Untracked |  0
|  20|0x0000000746600000, 0x0000000746800000, 0x0000000746800000|100%| O|  |TAMS 0x0000000746800000| PB 0x0000000746600000| Untracked |  0
|  21|0x0000000746800000, 0x0000000746a00000, 0x0000000746a00000|100%| O|  |TAMS 0x0000000746a00000| PB 0x0000000746800000| Untracked |  0
|  22|0x0000000746a00000, 0x0000000746c00000, 0x0000000746c00000|100%| O|  |TAMS 0x0000000746c00000| PB 0x0000000746a00000| Untracked |  0
|  23|0x0000000746c00000, 0x0000000746e00000, 0x0000000746e00000|100%| O|  |TAMS 0x0000000746e00000| PB 0x0000000746c00000| Untracked |  0
|  24|0x0000000746e00000, 0x0000000747000000, 0x0000000747000000|100%| O|  |TAMS 0x0000000747000000| PB 0x0000000746e00000| Untracked |  0
|  25|0x0000000747000000, 0x0000000747200000, 0x0000000747200000|100%| O|  |TAMS 0x0000000747200000| PB 0x0000000747000000| Untracked |  0
|  26|0x0000000747200000, 0x0000000747400000, 0x0000000747400000|100%| O|  |TAMS 0x0000000747400000| PB 0x0000000747200000| Untracked |  0
|  27|0x0000000747400000, 0x0000000747600000, 0x0000000747600000|100%| O|  |TAMS 0x0000000747600000| PB 0x0000000747400000| Untracked |  0
|  28|0x0000000747600000, 0x0000000747800000, 0x0000000747800000|100%| O|  |TAMS 0x0000000747800000| PB 0x0000000747600000| Untracked |  0
|  29|0x0000000747800000, 0x0000000747a00000, 0x0000000747a00000|100%| O|  |TAMS 0x0000000747a00000| PB 0x0000000747800000| Untracked |  0
|  30|0x0000000747a00000, 0x0000000747c00000, 0x0000000747c00000|100%| O|  |TAMS 0x0000000747c00000| PB 0x0000000747a00000| Untracked |  0
|  31|0x0000000747c00000, 0x0000000747e00000, 0x0000000747e00000|100%| O|  |TAMS 0x0000000747e00000| PB 0x0000000747c00000| Untracked |  0
|  32|0x0000000747e00000, 0x0000000748000000, 0x0000000748000000|100%| O|  |TAMS 0x0000000748000000| PB 0x0000000747e00000| Untracked |  0
|  33|0x0000000748000000, 0x0000000748200000, 0x0000000748200000|100%| O|  |TAMS 0x0000000748200000| PB 0x0000000748000000| Untracked |  0
|  34|0x0000000748200000, 0x0000000748400000, 0x0000000748400000|100%| O|  |TAMS 0x0000000748400000| PB 0x0000000748200000| Untracked |  0
|  35|0x0000000748400000, 0x0000000748600000, 0x0000000748600000|100%| O|  |TAMS 0x0000000748600000| PB 0x0000000748400000| Untracked |  0
|  36|0x0000000748600000, 0x0000000748800000, 0x0000000748800000|100%| O|  |TAMS 0x0000000748800000| PB 0x0000000748600000| Untracked |  0
|  37|0x0000000748800000, 0x0000000748a00000, 0x0000000748a00000|100%| O|  |TAMS 0x0000000748a00000| PB 0x0000000748800000| Untracked |  0
|  38|0x0000000748a00000, 0x0000000748c00000, 0x0000000748c00000|100%| O|  |TAMS 0x0000000748c00000| PB 0x0000000748a00000| Untracked |  0
|  39|0x0000000748c00000, 0x0000000748e00000, 0x0000000748e00000|100%| O|  |TAMS 0x0000000748e00000| PB 0x0000000748c00000| Untracked |  0
|  40|0x0000000748e00000, 0x0000000749000000, 0x0000000749000000|100%| O|  |TAMS 0x0000000749000000| PB 0x0000000748e00000| Untracked |  0
|  41|0x0000000749000000, 0x0000000749200000, 0x0000000749200000|100%| O|  |TAMS 0x0000000749200000| PB 0x0000000749000000| Untracked |  0
|  42|0x0000000749200000, 0x0000000749400000, 0x0000000749400000|100%| O|  |TAMS 0x0000000749400000| PB 0x0000000749200000| Untracked |  0
|  43|0x0000000749400000, 0x0000000749600000, 0x0000000749600000|100%| O|  |TAMS 0x0000000749600000| PB 0x0000000749400000| Untracked |  0
|  44|0x0000000749600000, 0x0000000749800000, 0x0000000749800000|100%| O|  |TAMS 0x0000000749800000| PB 0x0000000749600000| Untracked |  0
|  45|0x0000000749800000, 0x0000000749a00000, 0x0000000749a00000|100%| O|  |TAMS 0x0000000749a00000| PB 0x0000000749800000| Untracked |  0
|  46|0x0000000749a00000, 0x0000000749c00000, 0x0000000749c00000|100%| O|  |TAMS 0x0000000749c00000| PB 0x0000000749a00000| Untracked |  0
|  47|0x0000000749c00000, 0x0000000749e00000, 0x0000000749e00000|100%| O|  |TAMS 0x0000000749e00000| PB 0x0000000749c00000| Untracked |  0
|  48|0x0000000749e00000, 0x000000074a000000, 0x000000074a000000|100%| O|  |TAMS 0x000000074a000000| PB 0x0000000749e00000| Untracked |  0
|  49|0x000000074a000000, 0x000000074a200000, 0x000000074a200000|100%| O|  |TAMS 0x000000074a200000| PB 0x000000074a000000| Untracked |  0
|  50|0x000000074a200000, 0x000000074a400000, 0x000000074a400000|100%| O|  |TAMS 0x000000074a400000| PB 0x000000074a200000| Untracked |  0
|  51|0x000000074a400000, 0x000000074a600000, 0x000000074a600000|100%| O|  |TAMS 0x000000074a600000| PB 0x000000074a400000| Untracked |  0
|  52|0x000000074a600000, 0x000000074a800000, 0x000000074a800000|100%|HS|  |TAMS 0x000000074a800000| PB 0x000000074a600000| Complete |  0
|  53|0x000000074a800000, 0x000000074aa00000, 0x000000074aa00000|100%|HC|  |TAMS 0x000000074aa00000| PB 0x000000074a800000| Complete |  0
|  54|0x000000074aa00000, 0x000000074ac00000, 0x000000074ac00000|100%|HC|  |TAMS 0x000000074ac00000| PB 0x000000074aa00000| Complete |  0
|  55|0x000000074ac00000, 0x000000074ae00000, 0x000000074ae00000|100%|HC|  |TAMS 0x000000074ae00000| PB 0x000000074ac00000| Complete |  0
|  56|0x000000074ae00000, 0x000000074b000000, 0x000000074b000000|100%|HC|  |TAMS 0x000000074b000000| PB 0x000000074ae00000| Complete |  0
|  57|0x000000074b000000, 0x000000074b200000, 0x000000074b200000|100%|HC|  |TAMS 0x000000074b200000| PB 0x000000074b000000| Complete |  0
|  58|0x000000074b200000, 0x000000074b400000, 0x000000074b400000|100%|HC|  |TAMS 0x000000074b400000| PB 0x000000074b200000| Complete |  0
|  59|0x000000074b400000, 0x000000074b600000, 0x000000074b600000|100%|HC|  |TAMS 0x000000074b600000| PB 0x000000074b400000| Complete |  0
|  60|0x000000074b600000, 0x000000074b800000, 0x000000074b800000|100%| O|  |TAMS 0x000000074b800000| PB 0x000000074b600000| Untracked |  0
|  61|0x000000074b800000, 0x000000074ba00000, 0x000000074ba00000|100%| O|  |TAMS 0x000000074ba00000| PB 0x000000074b800000| Untracked |  0
|  62|0x000000074ba00000, 0x000000074bc00000, 0x000000074bc00000|100%|HS|  |TAMS 0x000000074bc00000| PB 0x000000074ba00000| Complete |  0
|  63|0x000000074bc00000, 0x000000074be00000, 0x000000074be00000|100%|HS|  |TAMS 0x000000074be00000| PB 0x000000074bc00000| Complete |  0
|  64|0x000000074be00000, 0x000000074c000000, 0x000000074c000000|100%| O|  |TAMS 0x000000074c000000| PB 0x000000074be00000| Untracked |  0
|  65|0x000000074c000000, 0x000000074c200000, 0x000000074c200000|100%| O|  |TAMS 0x000000074c200000| PB 0x000000074c000000| Untracked |  0
|  66|0x000000074c200000, 0x000000074c400000, 0x000000074c400000|100%| O|  |TAMS 0x000000074c400000| PB 0x000000074c200000| Untracked |  0
|  67|0x000000074c400000, 0x000000074c600000, 0x000000074c600000|100%| O|  |TAMS 0x000000074c600000| PB 0x000000074c400000| Untracked |  0
|  68|0x000000074c600000, 0x000000074c800000, 0x000000074c800000|100%|HS|  |TAMS 0x000000074c800000| PB 0x000000074c600000| Complete |  0
|  69|0x000000074c800000, 0x000000074ca00000, 0x000000074ca00000|100%|HC|  |TAMS 0x000000074ca00000| PB 0x000000074c800000| Complete |  0
|  70|0x000000074ca00000, 0x000000074cc00000, 0x000000074cc00000|100%| O|  |TAMS 0x000000074cc00000| PB 0x000000074ca00000| Untracked |  0
|  71|0x000000074cc00000, 0x000000074ce00000, 0x000000074ce00000|100%| O|  |TAMS 0x000000074ce00000| PB 0x000000074cc00000| Untracked |  0
|  72|0x000000074ce00000, 0x000000074d000000, 0x000000074d000000|100%| O|  |TAMS 0x000000074d000000| PB 0x000000074ce00000| Untracked |  0
|  73|0x000000074d000000, 0x000000074d200000, 0x000000074d200000|100%| O|  |TAMS 0x000000074d200000| PB 0x000000074d000000| Untracked |  0
|  74|0x000000074d200000, 0x000000074d400000, 0x000000074d400000|100%| O|  |TAMS 0x000000074d400000| PB 0x000000074d200000| Untracked |  0
|  75|0x000000074d400000, 0x000000074d600000, 0x000000074d600000|100%|HS|  |TAMS 0x000000074d600000| PB 0x000000074d400000| Complete |  0
|  76|0x000000074d600000, 0x000000074d800000, 0x000000074d800000|100%|HC|  |TAMS 0x000000074d800000| PB 0x000000074d600000| Complete |  0
|  77|0x000000074d800000, 0x000000074da00000, 0x000000074da00000|100%| O|  |TAMS 0x000000074da00000| PB 0x000000074d800000| Untracked |  0
|  78|0x000000074da00000, 0x000000074dc00000, 0x000000074dc00000|100%| O|  |TAMS 0x000000074dc00000| PB 0x000000074da00000| Untracked |  0
|  79|0x000000074dc00000, 0x000000074de00000, 0x000000074de00000|100%|HS|  |TAMS 0x000000074de00000| PB 0x000000074dc00000| Complete |  0
|  80|0x000000074de00000, 0x000000074e000000, 0x000000074e000000|100%|HC|  |TAMS 0x000000074e000000| PB 0x000000074de00000| Complete |  0
|  81|0x000000074e000000, 0x000000074e200000, 0x000000074e200000|100%|HC|  |TAMS 0x000000074e200000| PB 0x000000074e000000| Complete |  0
|  82|0x000000074e200000, 0x000000074e400000, 0x000000074e400000|100%|HS|  |TAMS 0x000000074e400000| PB 0x000000074e200000| Complete |  0
|  83|0x000000074e400000, 0x000000074e600000, 0x000000074e600000|100%|HC|  |TAMS 0x000000074e600000| PB 0x000000074e400000| Complete |  0
|  84|0x000000074e600000, 0x000000074e800000, 0x000000074e800000|100%| O|  |TAMS 0x000000074e800000| PB 0x000000074e600000| Untracked |  0
|  85|0x000000074e800000, 0x000000074ea00000, 0x000000074ea00000|100%|HS|  |TAMS 0x000000074ea00000| PB 0x000000074e800000| Complete |  0
|  86|0x000000074ea00000, 0x000000074ec00000, 0x000000074ec00000|100%|HC|  |TAMS 0x000000074ec00000| PB 0x000000074ea00000| Complete |  0
|  87|0x000000074ec00000, 0x000000074ee00000, 0x000000074ee00000|100%|HC|  |TAMS 0x000000074ee00000| PB 0x000000074ec00000| Complete |  0
|  88|0x000000074ee00000, 0x000000074f000000, 0x000000074f000000|100%|HC|  |TAMS 0x000000074f000000| PB 0x000000074ee00000| Complete |  0
|  89|0x000000074f000000, 0x000000074f200000, 0x000000074f200000|100%| O|  |TAMS 0x000000074f200000| PB 0x000000074f000000| Untracked |  0
|  90|0x000000074f200000, 0x000000074f400000, 0x000000074f400000|100%| O|  |TAMS 0x000000074f400000| PB 0x000000074f200000| Untracked |  0
|  91|0x000000074f400000, 0x000000074f600000, 0x000000074f600000|100%|HS|  |TAMS 0x000000074f600000| PB 0x000000074f400000| Complete |  0
|  92|0x000000074f600000, 0x000000074f800000, 0x000000074f800000|100%|HC|  |TAMS 0x000000074f800000| PB 0x000000074f600000| Complete |  0
|  93|0x000000074f800000, 0x000000074fa00000, 0x000000074fa00000|100%| O|  |TAMS 0x000000074fa00000| PB 0x000000074f800000| Untracked |  0
|  94|0x000000074fa00000, 0x000000074fc00000, 0x000000074fc00000|100%| O|  |TAMS 0x000000074fc00000| PB 0x000000074fa00000| Untracked |  0
|  95|0x000000074fc00000, 0x000000074fe00000, 0x000000074fe00000|100%|HS|  |TAMS 0x000000074fe00000| PB 0x000000074fc00000| Complete |  0
|  96|0x000000074fe00000, 0x0000000750000000, 0x0000000750000000|100%|HC|  |TAMS 0x0000000750000000| PB 0x000000074fe00000| Complete |  0
|  97|0x0000000750000000, 0x0000000750200000, 0x0000000750200000|100%|HC|  |TAMS 0x0000000750200000| PB 0x0000000750000000| Complete |  0
|  98|0x0000000750200000, 0x0000000750400000, 0x0000000750400000|100%|HC|  |TAMS 0x0000000750400000| PB 0x0000000750200000| Complete |  0
|  99|0x0000000750400000, 0x0000000750600000, 0x0000000750600000|100%|HC|  |TAMS 0x0000000750600000| PB 0x0000000750400000| Complete |  0
| 100|0x0000000750600000, 0x0000000750800000, 0x0000000750800000|100%|HC|  |TAMS 0x0000000750800000| PB 0x0000000750600000| Complete |  0
| 101|0x0000000750800000, 0x0000000750a00000, 0x0000000750a00000|100%|HC|  |TAMS 0x0000000750a00000| PB 0x0000000750800000| Complete |  0
| 102|0x0000000750a00000, 0x0000000750c00000, 0x0000000750c00000|100%|HC|  |TAMS 0x0000000750c00000| PB 0x0000000750a00000| Complete |  0
| 103|0x0000000750c00000, 0x0000000750e00000, 0x0000000750e00000|100%|HC|  |TAMS 0x0000000750e00000| PB 0x0000000750c00000| Complete |  0
| 104|0x0000000750e00000, 0x0000000751000000, 0x0000000751000000|100%|HC|  |TAMS 0x0000000751000000| PB 0x0000000750e00000| Complete |  0
| 105|0x0000000751000000, 0x0000000751200000, 0x0000000751200000|100%|HC|  |TAMS 0x0000000751200000| PB 0x0000000751000000| Complete |  0
| 106|0x0000000751200000, 0x0000000751400000, 0x0000000751400000|100%|HC|  |TAMS 0x0000000751400000| PB 0x0000000751200000| Complete |  0
| 107|0x0000000751400000, 0x0000000751600000, 0x0000000751600000|100%|HS|  |TAMS 0x0000000751600000| PB 0x0000000751400000| Complete |  0
| 108|0x0000000751600000, 0x0000000751800000, 0x0000000751800000|100%|HC|  |TAMS 0x0000000751800000| PB 0x0000000751600000| Complete |  0
| 109|0x0000000751800000, 0x0000000751a00000, 0x0000000751a00000|100%|HC|  |TAMS 0x0000000751a00000| PB 0x0000000751800000| Complete |  0
| 110|0x0000000751a00000, 0x0000000751c00000, 0x0000000751c00000|100%| O|  |TAMS 0x0000000751c00000| PB 0x0000000751a00000| Untracked |  0
| 111|0x0000000751c00000, 0x0000000751e00000, 0x0000000751e00000|100%| O|  |TAMS 0x0000000751e00000| PB 0x0000000751c00000| Untracked |  0
| 112|0x0000000751e00000, 0x0000000752000000, 0x0000000752000000|100%| O|  |TAMS 0x0000000752000000| PB 0x0000000751e00000| Untracked |  0
| 113|0x0000000752000000, 0x0000000752200000, 0x0000000752200000|100%|HS|  |TAMS 0x0000000752200000| PB 0x0000000752000000| Complete |  0
| 114|0x0000000752200000, 0x0000000752400000, 0x0000000752400000|100%|HC|  |TAMS 0x0000000752400000| PB 0x0000000752200000| Complete |  0
| 115|0x0000000752400000, 0x0000000752600000, 0x0000000752600000|100%|HC|  |TAMS 0x0000000752600000| PB 0x0000000752400000| Complete |  0
| 116|0x0000000752600000, 0x0000000752800000, 0x0000000752800000|100%|HC|  |TAMS 0x0000000752800000| PB 0x0000000752600000| Complete |  0
| 117|0x0000000752800000, 0x0000000752a00000, 0x0000000752a00000|100%| O|  |TAMS 0x0000000752a00000| PB 0x0000000752800000| Untracked |  0
| 118|0x0000000752a00000, 0x0000000752c00000, 0x0000000752c00000|100%| O|  |TAMS 0x0000000752c00000| PB 0x0000000752a00000| Untracked |  0
| 119|0x0000000752c00000, 0x0000000752e00000, 0x0000000752e00000|100%| O|  |TAMS 0x0000000752e00000| PB 0x0000000752c00000| Untracked |  0
| 120|0x0000000752e00000, 0x0000000753000000, 0x0000000753000000|100%| O|  |TAMS 0x0000000753000000| PB 0x0000000752e00000| Untracked |  0
| 121|0x0000000753000000, 0x0000000753200000, 0x0000000753200000|100%| O|  |TAMS 0x0000000753200000| PB 0x0000000753000000| Untracked |  0
| 122|0x0000000753200000, 0x0000000753400000, 0x0000000753400000|100%| O|  |TAMS 0x0000000753400000| PB 0x0000000753200000| Untracked |  0
| 123|0x0000000753400000, 0x0000000753600000, 0x0000000753600000|100%| O|  |TAMS 0x0000000753600000| PB 0x0000000753400000| Untracked |  0
| 124|0x0000000753600000, 0x0000000753800000, 0x0000000753800000|100%| O|  |TAMS 0x0000000753800000| PB 0x0000000753600000| Untracked |  0
| 125|0x0000000753800000, 0x0000000753a00000, 0x0000000753a00000|100%| O|  |TAMS 0x0000000753a00000| PB 0x0000000753800000| Untracked |  0
| 126|0x0000000753a00000, 0x0000000753c00000, 0x0000000753c00000|100%| O|  |TAMS 0x0000000753c00000| PB 0x0000000753a00000| Untracked |  0
| 127|0x0000000753c00000, 0x0000000753e00000, 0x0000000753e00000|100%| O|  |TAMS 0x0000000753e00000| PB 0x0000000753c00000| Untracked |  0
| 128|0x0000000753e00000, 0x0000000754000000, 0x0000000754000000|100%| O|  |TAMS 0x0000000754000000| PB 0x0000000753e00000| Untracked |  0
| 129|0x0000000754000000, 0x0000000754200000, 0x0000000754200000|100%|HS|  |TAMS 0x0000000754200000| PB 0x0000000754000000| Complete |  0
| 130|0x0000000754200000, 0x0000000754400000, 0x0000000754400000|100%|HC|  |TAMS 0x0000000754400000| PB 0x0000000754200000| Complete |  0
| 131|0x0000000754400000, 0x0000000754600000, 0x0000000754600000|100%|HC|  |TAMS 0x0000000754600000| PB 0x0000000754400000| Complete |  0
| 132|0x0000000754600000, 0x0000000754800000, 0x0000000754800000|100%|HC|  |TAMS 0x0000000754800000| PB 0x0000000754600000| Complete |  0
| 133|0x0000000754800000, 0x0000000754a00000, 0x0000000754a00000|100%|HC|  |TAMS 0x0000000754a00000| PB 0x0000000754800000| Complete |  0
| 134|0x0000000754a00000, 0x0000000754c00000, 0x0000000754c00000|100%|HC|  |TAMS 0x0000000754c00000| PB 0x0000000754a00000| Complete |  0
| 135|0x0000000754c00000, 0x0000000754e00000, 0x0000000754e00000|100%|HS|  |TAMS 0x0000000754e00000| PB 0x0000000754c00000| Complete |  0
| 136|0x0000000754e00000, 0x0000000755000000, 0x0000000755000000|100%|HC|  |TAMS 0x0000000755000000| PB 0x0000000754e00000| Complete |  0
| 137|0x0000000755000000, 0x0000000755200000, 0x0000000755200000|100%|HC|  |TAMS 0x0000000755200000| PB 0x0000000755000000| Complete |  0
| 138|0x0000000755200000, 0x0000000755400000, 0x0000000755400000|100%|HC|  |TAMS 0x0000000755400000| PB 0x0000000755200000| Complete |  0
| 139|0x0000000755400000, 0x0000000755600000, 0x0000000755600000|100%|HC|  |TAMS 0x0000000755600000| PB 0x0000000755400000| Complete |  0
| 140|0x0000000755600000, 0x0000000755800000, 0x0000000755800000|100%|HC|  |TAMS 0x0000000755800000| PB 0x0000000755600000| Complete |  0
| 141|0x0000000755800000, 0x0000000755a00000, 0x0000000755a00000|100%|HC|  |TAMS 0x0000000755a00000| PB 0x0000000755800000| Complete |  0
| 142|0x0000000755a00000, 0x0000000755c00000, 0x0000000755c00000|100%|HC|  |TAMS 0x0000000755c00000| PB 0x0000000755a00000| Complete |  0
| 143|0x0000000755c00000, 0x0000000755e00000, 0x0000000755e00000|100%| O|  |TAMS 0x0000000755e00000| PB 0x0000000755c00000| Untracked |  0
| 144|0x0000000755e00000, 0x0000000756000000, 0x0000000756000000|100%| O|  |TAMS 0x0000000756000000| PB 0x0000000755e00000| Untracked |  0
| 145|0x0000000756000000, 0x0000000756200000, 0x0000000756200000|100%| O|  |TAMS 0x0000000756200000| PB 0x0000000756000000| Untracked |  0
| 146|0x0000000756200000, 0x0000000756400000, 0x0000000756400000|100%| O|  |TAMS 0x0000000756400000| PB 0x0000000756200000| Untracked |  0
| 147|0x0000000756400000, 0x0000000756600000, 0x0000000756600000|100%| O|  |TAMS 0x0000000756600000| PB 0x0000000756400000| Untracked |  0
| 148|0x0000000756600000, 0x0000000756800000, 0x0000000756800000|100%| O|  |TAMS 0x0000000756800000| PB 0x0000000756600000| Untracked |  0
| 149|0x0000000756800000, 0x0000000756a00000, 0x0000000756a00000|100%| O|  |TAMS 0x0000000756a00000| PB 0x0000000756800000| Untracked |  0
| 150|0x0000000756a00000, 0x0000000756c00000, 0x0000000756c00000|100%| O|  |TAMS 0x0000000756c00000| PB 0x0000000756a00000| Untracked |  0
| 151|0x0000000756c00000, 0x0000000756e00000, 0x0000000756e00000|100%| O|  |TAMS 0x0000000756e00000| PB 0x0000000756c00000| Untracked |  0
| 152|0x0000000756e00000, 0x0000000757000000, 0x0000000757000000|100%| O|  |TAMS 0x0000000757000000| PB 0x0000000756e00000| Untracked |  0
| 153|0x0000000757000000, 0x0000000757200000, 0x0000000757200000|100%| O|  |TAMS 0x0000000757200000| PB 0x0000000757000000| Untracked |  0
| 154|0x0000000757200000, 0x0000000757400000, 0x0000000757400000|100%| O|  |TAMS 0x0000000757400000| PB 0x0000000757200000| Untracked |  0
| 155|0x0000000757400000, 0x0000000757600000, 0x0000000757600000|100%|HS|  |TAMS 0x0000000757600000| PB 0x0000000757400000| Complete |  0
| 156|0x0000000757600000, 0x0000000757800000, 0x0000000757800000|100%|HC|  |TAMS 0x0000000757800000| PB 0x0000000757600000| Complete |  0
| 157|0x0000000757800000, 0x0000000757a00000, 0x0000000757a00000|100%|HC|  |TAMS 0x0000000757a00000| PB 0x0000000757800000| Complete |  0
| 158|0x0000000757a00000, 0x0000000757c00000, 0x0000000757c00000|100%|HC|  |TAMS 0x0000000757c00000| PB 0x0000000757a00000| Complete |  0
| 159|0x0000000757c00000, 0x0000000757e00000, 0x0000000757e00000|100%|HC|  |TAMS 0x0000000757e00000| PB 0x0000000757c00000| Complete |  0
| 160|0x0000000757e00000, 0x0000000758000000, 0x0000000758000000|100%|HC|  |TAMS 0x0000000758000000| PB 0x0000000757e00000| Complete |  0
| 161|0x0000000758000000, 0x0000000758200000, 0x0000000758200000|100%| O|  |TAMS 0x0000000758200000| PB 0x0000000758000000| Untracked |  0
| 162|0x0000000758200000, 0x0000000758400000, 0x0000000758400000|100%| O|  |TAMS 0x0000000758400000| PB 0x0000000758200000| Untracked |  0
| 163|0x0000000758400000, 0x0000000758600000, 0x0000000758600000|100%| O|  |TAMS 0x0000000758600000| PB 0x0000000758400000| Untracked |  0
| 164|0x0000000758600000, 0x0000000758800000, 0x0000000758800000|100%| O|  |TAMS 0x0000000758800000| PB 0x0000000758600000| Untracked |  0
| 165|0x0000000758800000, 0x0000000758a00000, 0x0000000758a00000|100%| O|  |TAMS 0x0000000758a00000| PB 0x0000000758800000| Untracked |  0
| 166|0x0000000758a00000, 0x0000000758c00000, 0x0000000758c00000|100%| O|  |TAMS 0x0000000758c00000| PB 0x0000000758a00000| Untracked |  0
| 167|0x0000000758c00000, 0x0000000758e00000, 0x0000000758e00000|100%| O|  |TAMS 0x0000000758e00000| PB 0x0000000758c00000| Untracked |  0
| 168|0x0000000758e00000, 0x0000000759000000, 0x0000000759000000|100%| O|  |TAMS 0x0000000759000000| PB 0x0000000758e00000| Untracked |  0
| 169|0x0000000759000000, 0x0000000759200000, 0x0000000759200000|100%| O|  |TAMS 0x0000000759200000| PB 0x0000000759000000| Untracked |  0
| 170|0x0000000759200000, 0x0000000759400000, 0x0000000759400000|100%| O|  |TAMS 0x0000000759400000| PB 0x0000000759200000| Untracked |  0
| 171|0x0000000759400000, 0x0000000759600000, 0x0000000759600000|100%| O|  |TAMS 0x0000000759600000| PB 0x0000000759400000| Untracked |  0
| 172|0x0000000759600000, 0x0000000759800000, 0x0000000759800000|100%| O|  |TAMS 0x0000000759800000| PB 0x0000000759600000| Untracked |  0
| 173|0x0000000759800000, 0x0000000759a00000, 0x0000000759a00000|100%| O|  |TAMS 0x0000000759a00000| PB 0x0000000759800000| Untracked |  0
| 174|0x0000000759a00000, 0x0000000759c00000, 0x0000000759c00000|100%| O|  |TAMS 0x0000000759c00000| PB 0x0000000759a00000| Untracked |  0
| 175|0x0000000759c00000, 0x0000000759e00000, 0x0000000759e00000|100%| O|  |TAMS 0x0000000759e00000| PB 0x0000000759c00000| Untracked |  0
| 176|0x0000000759e00000, 0x000000075a000000, 0x000000075a000000|100%| O|  |TAMS 0x000000075a000000| PB 0x0000000759e00000| Untracked |  0
| 177|0x000000075a000000, 0x000000075a200000, 0x000000075a200000|100%| O|  |TAMS 0x000000075a000000| PB 0x000000075a000000| Untracked |  0
| 178|0x000000075a200000, 0x000000075a400000, 0x000000075a400000|100%| O|  |TAMS 0x000000075a400000| PB 0x000000075a200000| Untracked |  0
| 179|0x000000075a400000, 0x000000075a600000, 0x000000075a600000|100%| O|  |TAMS 0x000000075a600000| PB 0x000000075a400000| Untracked |  0
| 180|0x000000075a600000, 0x000000075a800000, 0x000000075a800000|100%| O|  |TAMS 0x000000075a800000| PB 0x000000075a600000| Untracked |  0
| 181|0x000000075a800000, 0x000000075aa00000, 0x000000075aa00000|100%| O|  |TAMS 0x000000075a800000| PB 0x000000075a800000| Untracked |  0
| 182|0x000000075aa00000, 0x000000075ac00000, 0x000000075ac00000|100%| O|  |TAMS 0x000000075ac00000| PB 0x000000075aa00000| Untracked |  0
| 183|0x000000075ac00000, 0x000000075ae00000, 0x000000075ae00000|100%| O|  |TAMS 0x000000075ae00000| PB 0x000000075ac00000| Untracked |  0
| 184|0x000000075ae00000, 0x000000075b000000, 0x000000075b000000|100%| O|  |TAMS 0x000000075b000000| PB 0x000000075ae00000| Untracked |  0
| 185|0x000000075b000000, 0x000000075b200000, 0x000000075b200000|100%| O|  |TAMS 0x000000075b200000| PB 0x000000075b000000| Untracked |  0
| 186|0x000000075b200000, 0x000000075b400000, 0x000000075b400000|100%| O|  |TAMS 0x000000075b400000| PB 0x000000075b200000| Untracked |  0
| 187|0x000000075b400000, 0x000000075b600000, 0x000000075b600000|100%| O|  |TAMS 0x000000075b600000| PB 0x000000075b400000| Untracked |  0
| 188|0x000000075b600000, 0x000000075b800000, 0x000000075b800000|100%|HS|  |TAMS 0x000000075b800000| PB 0x000000075b600000| Complete |  0
| 189|0x000000075b800000, 0x000000075ba00000, 0x000000075ba00000|100%| O|  |TAMS 0x000000075ba00000| PB 0x000000075b800000| Untracked |  0
| 190|0x000000075ba00000, 0x000000075bc00000, 0x000000075bc00000|100%| O|  |TAMS 0x000000075bc00000| PB 0x000000075ba00000| Untracked |  0
| 191|0x000000075bc00000, 0x000000075be00000, 0x000000075be00000|100%| O|  |TAMS 0x000000075be00000| PB 0x000000075bc00000| Untracked |  0
| 192|0x000000075be00000, 0x000000075c000000, 0x000000075c000000|100%| O|  |TAMS 0x000000075c000000| PB 0x000000075be00000| Untracked |  0
| 193|0x000000075c000000, 0x000000075c200000, 0x000000075c200000|100%| O|  |TAMS 0x000000075c200000| PB 0x000000075c000000| Untracked |  0
| 194|0x000000075c200000, 0x000000075c400000, 0x000000075c400000|100%|HS|  |TAMS 0x000000075c400000| PB 0x000000075c200000| Complete |  0
| 195|0x000000075c400000, 0x000000075c600000, 0x000000075c600000|100%|HC|  |TAMS 0x000000075c600000| PB 0x000000075c400000| Complete |  0
| 196|0x000000075c600000, 0x000000075c800000, 0x000000075c800000|100%|HC|  |TAMS 0x000000075c800000| PB 0x000000075c600000| Complete |  0
| 197|0x000000075c800000, 0x000000075ca00000, 0x000000075ca00000|100%|HC|  |TAMS 0x000000075ca00000| PB 0x000000075c800000| Complete |  0
| 198|0x000000075ca00000, 0x000000075cc00000, 0x000000075cc00000|100%|HC|  |TAMS 0x000000075cc00000| PB 0x000000075ca00000| Complete |  0
| 199|0x000000075cc00000, 0x000000075ce00000, 0x000000075ce00000|100%|HC|  |TAMS 0x000000075ce00000| PB 0x000000075cc00000| Complete |  0
| 200|0x000000075ce00000, 0x000000075d000000, 0x000000075d000000|100%|HC|  |TAMS 0x000000075d000000| PB 0x000000075ce00000| Complete |  0
| 201|0x000000075d000000, 0x000000075d200000, 0x000000075d200000|100%|HC|  |TAMS 0x000000075d200000| PB 0x000000075d000000| Complete |  0
| 202|0x000000075d200000, 0x000000075d400000, 0x000000075d400000|100%|HC|  |TAMS 0x000000075d400000| PB 0x000000075d200000| Complete |  0
| 203|0x000000075d400000, 0x000000075d600000, 0x000000075d600000|100%|HC|  |TAMS 0x000000075d600000| PB 0x000000075d400000| Complete |  0
| 204|0x000000075d600000, 0x000000075d800000, 0x000000075d800000|100%|HC|  |TAMS 0x000000075d800000| PB 0x000000075d600000| Complete |  0
| 205|0x000000075d800000, 0x000000075da00000, 0x000000075da00000|100%|HC|  |TAMS 0x000000075da00000| PB 0x000000075d800000| Complete |  0
| 206|0x000000075da00000, 0x000000075dc00000, 0x000000075dc00000|100%| O|  |TAMS 0x000000075dc00000| PB 0x000000075da00000| Untracked |  0
| 207|0x000000075dc00000, 0x000000075de00000, 0x000000075de00000|100%| O|  |TAMS 0x000000075de00000| PB 0x000000075dc00000| Untracked |  0
| 208|0x000000075de00000, 0x000000075e000000, 0x000000075e000000|100%| O|  |TAMS 0x000000075e000000| PB 0x000000075de00000| Untracked |  0
| 209|0x000000075e000000, 0x000000075e200000, 0x000000075e200000|100%| O|  |TAMS 0x000000075e200000| PB 0x000000075e000000| Untracked |  0
| 210|0x000000075e200000, 0x000000075e400000, 0x000000075e400000|100%| O|  |TAMS 0x000000075e400000| PB 0x000000075e200000| Untracked |  0
| 211|0x000000075e400000, 0x000000075e600000, 0x000000075e600000|100%| O|  |TAMS 0x000000075e600000| PB 0x000000075e400000| Untracked |  0
| 212|0x000000075e600000, 0x000000075e800000, 0x000000075e800000|100%| O|  |TAMS 0x000000075e800000| PB 0x000000075e600000| Untracked |  0
| 213|0x000000075e800000, 0x000000075ea00000, 0x000000075ea00000|100%| O|  |TAMS 0x000000075ea00000| PB 0x000000075e800000| Untracked |  0
| 214|0x000000075ea00000, 0x000000075ec00000, 0x000000075ec00000|100%| O|  |TAMS 0x000000075ec00000| PB 0x000000075ea00000| Untracked |  0
| 215|0x000000075ec00000, 0x000000075ee00000, 0x000000075ee00000|100%| O|  |TAMS 0x000000075ee00000| PB 0x000000075ec00000| Untracked |  0
| 216|0x000000075ee00000, 0x000000075f000000, 0x000000075f000000|100%| O|  |TAMS 0x000000075f000000| PB 0x000000075ee00000| Untracked |  0
| 217|0x000000075f000000, 0x000000075f200000, 0x000000075f200000|100%| O|  |TAMS 0x000000075f200000| PB 0x000000075f000000| Untracked |  0
| 218|0x000000075f200000, 0x000000075f400000, 0x000000075f400000|100%| O|  |TAMS 0x000000075f400000| PB 0x000000075f200000| Untracked |  0
| 219|0x000000075f400000, 0x000000075f600000, 0x000000075f600000|100%| O|  |TAMS 0x000000075f600000| PB 0x000000075f400000| Untracked |  0
| 220|0x000000075f600000, 0x000000075f800000, 0x000000075f800000|100%| O|  |TAMS 0x000000075f800000| PB 0x000000075f600000| Untracked |  0
| 221|0x000000075f800000, 0x000000075fa00000, 0x000000075fa00000|100%| O|  |TAMS 0x000000075fa00000| PB 0x000000075f800000| Untracked |  0
| 222|0x000000075fa00000, 0x000000075fc00000, 0x000000075fc00000|100%| O|  |TAMS 0x000000075fc00000| PB 0x000000075fa00000| Untracked |  0
| 223|0x000000075fc00000, 0x000000075fe00000, 0x000000075fe00000|100%| O|  |TAMS 0x000000075fe00000| PB 0x000000075fc00000| Untracked |  0
| 224|0x000000075fe00000, 0x0000000760000000, 0x0000000760000000|100%| O|  |TAMS 0x0000000760000000| PB 0x000000075fe00000| Untracked |  0
| 225|0x0000000760000000, 0x0000000760200000, 0x0000000760200000|100%| O|  |TAMS 0x0000000760200000| PB 0x0000000760000000| Untracked |  0
| 226|0x0000000760200000, 0x0000000760400000, 0x0000000760400000|100%| O|  |TAMS 0x0000000760400000| PB 0x0000000760200000| Untracked |  0
| 227|0x0000000760400000, 0x0000000760600000, 0x0000000760600000|100%| O|  |TAMS 0x0000000760600000| PB 0x0000000760400000| Untracked |  0
| 228|0x0000000760600000, 0x0000000760800000, 0x0000000760800000|100%| O|  |TAMS 0x0000000760800000| PB 0x0000000760600000| Untracked |  0
| 229|0x0000000760800000, 0x0000000760a00000, 0x0000000760a00000|100%| O|  |TAMS 0x0000000760a00000| PB 0x0000000760800000| Untracked |  0
| 230|0x0000000760a00000, 0x0000000760c00000, 0x0000000760c00000|100%| O|  |TAMS 0x0000000760c00000| PB 0x0000000760a00000| Untracked |  0
| 231|0x0000000760c00000, 0x0000000760e00000, 0x0000000760e00000|100%| O|  |TAMS 0x0000000760e00000| PB 0x0000000760c00000| Untracked |  0
| 232|0x0000000760e00000, 0x0000000761000000, 0x0000000761000000|100%| O|  |TAMS 0x0000000761000000| PB 0x0000000760e00000| Untracked |  0
| 233|0x0000000761000000, 0x0000000761200000, 0x0000000761200000|100%| O|  |TAMS 0x0000000761200000| PB 0x0000000761000000| Untracked |  0
| 234|0x0000000761200000, 0x0000000761400000, 0x0000000761400000|100%| O|  |TAMS 0x0000000761400000| PB 0x0000000761200000| Untracked |  0
| 235|0x0000000761400000, 0x0000000761600000, 0x0000000761600000|100%| O|  |TAMS 0x0000000761600000| PB 0x0000000761400000| Untracked |  0
| 236|0x0000000761600000, 0x0000000761800000, 0x0000000761800000|100%| O|  |TAMS 0x0000000761800000| PB 0x0000000761600000| Untracked |  0
| 237|0x0000000761800000, 0x0000000761a00000, 0x0000000761a00000|100%| O|  |TAMS 0x0000000761a00000| PB 0x0000000761800000| Untracked |  0
| 238|0x0000000761a00000, 0x0000000761c00000, 0x0000000761c00000|100%| O|  |TAMS 0x0000000761c00000| PB 0x0000000761a00000| Untracked |  0
| 239|0x0000000761c00000, 0x0000000761e00000, 0x0000000761e00000|100%| O|  |TAMS 0x0000000761e00000| PB 0x0000000761c00000| Untracked |  0
| 240|0x0000000761e00000, 0x0000000762000000, 0x0000000762000000|100%| O|  |TAMS 0x0000000762000000| PB 0x0000000761e00000| Untracked |  0
| 241|0x0000000762000000, 0x0000000762200000, 0x0000000762200000|100%| O|  |TAMS 0x0000000762200000| PB 0x0000000762000000| Untracked |  0
| 242|0x0000000762200000, 0x0000000762400000, 0x0000000762400000|100%| O|  |TAMS 0x0000000762400000| PB 0x0000000762200000| Untracked |  0
| 243|0x0000000762400000, 0x0000000762600000, 0x0000000762600000|100%|HS|  |TAMS 0x0000000762600000| PB 0x0000000762400000| Complete |  0
| 244|0x0000000762600000, 0x0000000762800000, 0x0000000762800000|100%| O|  |TAMS 0x0000000762800000| PB 0x0000000762600000| Untracked |  0
| 245|0x0000000762800000, 0x0000000762a00000, 0x0000000762a00000|100%|HS|  |TAMS 0x0000000762a00000| PB 0x0000000762800000| Complete |  0
| 246|0x0000000762a00000, 0x0000000762c00000, 0x0000000762c00000|100%| O|  |TAMS 0x0000000762c00000| PB 0x0000000762a00000| Untracked |  0
| 247|0x0000000762c00000, 0x0000000762e00000, 0x0000000762e00000|100%| O|  |TAMS 0x0000000762e00000| PB 0x0000000762c00000| Untracked |  0
| 248|0x0000000762e00000, 0x0000000763000000, 0x0000000763000000|100%| O|  |TAMS 0x0000000763000000| PB 0x0000000762e00000| Untracked |  0
| 249|0x0000000763000000, 0x0000000763200000, 0x0000000763200000|100%| O|  |TAMS 0x0000000763200000| PB 0x0000000763000000| Untracked |  0
| 250|0x0000000763200000, 0x0000000763400000, 0x0000000763400000|100%| O|  |TAMS 0x0000000763400000| PB 0x0000000763200000| Untracked |  0
| 251|0x0000000763400000, 0x0000000763600000, 0x0000000763600000|100%| O|  |TAMS 0x0000000763600000| PB 0x0000000763400000| Untracked |  0
| 252|0x0000000763600000, 0x0000000763800000, 0x0000000763800000|100%| O|  |TAMS 0x0000000763600000| PB 0x0000000763600000| Untracked |  0
| 253|0x0000000763800000, 0x0000000763a00000, 0x0000000763a00000|100%| O|  |TAMS 0x0000000763a00000| PB 0x0000000763800000| Untracked |  0
| 254|0x0000000763a00000, 0x0000000763c00000, 0x0000000763c00000|100%| O|  |TAMS 0x0000000763c00000| PB 0x0000000763a00000| Untracked |  0
| 255|0x0000000763c00000, 0x0000000763e00000, 0x0000000763e00000|100%| O|  |TAMS 0x0000000763e00000| PB 0x0000000763c00000| Untracked |  0
| 256|0x0000000763e00000, 0x0000000764000000, 0x0000000764000000|100%| O|  |TAMS 0x0000000764000000| PB 0x0000000763e00000| Untracked |  0
| 257|0x0000000764000000, 0x0000000764200000, 0x0000000764200000|100%| O|  |TAMS 0x0000000764200000| PB 0x0000000764000000| Untracked |  0
| 258|0x0000000764200000, 0x0000000764400000, 0x0000000764400000|100%| O|  |TAMS 0x0000000764400000| PB 0x0000000764200000| Untracked |  0
| 259|0x0000000764400000, 0x0000000764600000, 0x0000000764600000|100%| O|  |TAMS 0x0000000764600000| PB 0x0000000764400000| Untracked |  0
| 260|0x0000000764600000, 0x0000000764800000, 0x0000000764800000|100%|HS|  |TAMS 0x0000000764800000| PB 0x0000000764600000| Complete |  0
| 261|0x0000000764800000, 0x0000000764a00000, 0x0000000764a00000|100%|HC|  |TAMS 0x0000000764a00000| PB 0x0000000764800000| Complete |  0
| 262|0x0000000764a00000, 0x0000000764c00000, 0x0000000764c00000|100%| O|  |TAMS 0x0000000764c00000| PB 0x0000000764a00000| Untracked |  0
| 263|0x0000000764c00000, 0x0000000764e00000, 0x0000000764e00000|100%| O|  |TAMS 0x0000000764e00000| PB 0x0000000764c00000| Untracked |  0
| 264|0x0000000764e00000, 0x0000000765000000, 0x0000000765000000|100%| O|  |TAMS 0x0000000765000000| PB 0x0000000764e00000| Untracked |  0
| 265|0x0000000765000000, 0x0000000765200000, 0x0000000765200000|100%|HS|  |TAMS 0x0000000765200000| PB 0x0000000765000000| Complete |  0
| 266|0x0000000765200000, 0x0000000765400000, 0x0000000765400000|100%|HC|  |TAMS 0x0000000765400000| PB 0x0000000765200000| Complete |  0
| 267|0x0000000765400000, 0x0000000765600000, 0x0000000765600000|100%| O|  |TAMS 0x0000000765600000| PB 0x0000000765400000| Untracked |  0
| 268|0x0000000765600000, 0x0000000765800000, 0x0000000765800000|100%| O|  |TAMS 0x0000000765800000| PB 0x0000000765600000| Untracked |  0
| 269|0x0000000765800000, 0x0000000765a00000, 0x0000000765a00000|100%|HS|  |TAMS 0x0000000765a00000| PB 0x0000000765800000| Complete |  0
| 270|0x0000000765a00000, 0x0000000765c00000, 0x0000000765c00000|100%|HC|  |TAMS 0x0000000765c00000| PB 0x0000000765a00000| Complete |  0
| 271|0x0000000765c00000, 0x0000000765e00000, 0x0000000765e00000|100%|HC|  |TAMS 0x0000000765e00000| PB 0x0000000765c00000| Complete |  0
| 272|0x0000000765e00000, 0x0000000766000000, 0x0000000766000000|100%|HC|  |TAMS 0x0000000766000000| PB 0x0000000765e00000| Complete |  0
| 273|0x0000000766000000, 0x0000000766200000, 0x0000000766200000|100%|HC|  |TAMS 0x0000000766200000| PB 0x0000000766000000| Complete |  0
| 274|0x0000000766200000, 0x0000000766400000, 0x0000000766400000|100%|HC|  |TAMS 0x0000000766400000| PB 0x0000000766200000| Complete |  0
| 275|0x0000000766400000, 0x0000000766600000, 0x0000000766600000|100%|HC|  |TAMS 0x0000000766600000| PB 0x0000000766400000| Complete |  0
| 276|0x0000000766600000, 0x0000000766800000, 0x0000000766800000|100%|HC|  |TAMS 0x0000000766800000| PB 0x0000000766600000| Complete |  0
| 277|0x0000000766800000, 0x0000000766a00000, 0x0000000766a00000|100%|HS|  |TAMS 0x0000000766a00000| PB 0x0000000766800000| Complete |  0
| 278|0x0000000766a00000, 0x0000000766c00000, 0x0000000766c00000|100%|HC|  |TAMS 0x0000000766c00000| PB 0x0000000766a00000| Complete |  0
| 279|0x0000000766c00000, 0x0000000766e00000, 0x0000000766e00000|100%|HC|  |TAMS 0x0000000766e00000| PB 0x0000000766c00000| Complete |  0
| 280|0x0000000766e00000, 0x0000000767000000, 0x0000000767000000|100%|HC|  |TAMS 0x0000000767000000| PB 0x0000000766e00000| Complete |  0
| 281|0x0000000767000000, 0x0000000767200000, 0x0000000767200000|100%|HC|  |TAMS 0x0000000767200000| PB 0x0000000767000000| Complete |  0
| 282|0x0000000767200000, 0x0000000767400000, 0x0000000767400000|100%|HC|  |TAMS 0x0000000767400000| PB 0x0000000767200000| Complete |  0
| 283|0x0000000767400000, 0x0000000767600000, 0x0000000767600000|100%|HC|  |TAMS 0x0000000767600000| PB 0x0000000767400000| Complete |  0
| 284|0x0000000767600000, 0x0000000767800000, 0x0000000767800000|100%|HC|  |TAMS 0x0000000767800000| PB 0x0000000767600000| Complete |  0
| 285|0x0000000767800000, 0x0000000767a00000, 0x0000000767a00000|100%|HC|  |TAMS 0x0000000767a00000| PB 0x0000000767800000| Complete |  0
| 286|0x0000000767a00000, 0x0000000767c00000, 0x0000000767c00000|100%|HC|  |TAMS 0x0000000767c00000| PB 0x0000000767a00000| Complete |  0
| 287|0x0000000767c00000, 0x0000000767e00000, 0x0000000767e00000|100%|HC|  |TAMS 0x0000000767e00000| PB 0x0000000767c00000| Complete |  0
| 288|0x0000000767e00000, 0x0000000768000000, 0x0000000768000000|100%|HC|  |TAMS 0x0000000768000000| PB 0x0000000767e00000| Complete |  0
| 289|0x0000000768000000, 0x0000000768200000, 0x0000000768200000|100%|HS|  |TAMS 0x0000000768200000| PB 0x0000000768000000| Complete |  0
| 290|0x0000000768200000, 0x0000000768400000, 0x0000000768400000|100%|HC|  |TAMS 0x0000000768400000| PB 0x0000000768200000| Complete |  0
| 291|0x0000000768400000, 0x0000000768600000, 0x0000000768600000|100%|HC|  |TAMS 0x0000000768600000| PB 0x0000000768400000| Complete |  0
| 292|0x0000000768600000, 0x0000000768800000, 0x0000000768800000|100%|HC|  |TAMS 0x0000000768800000| PB 0x0000000768600000| Complete |  0
| 293|0x0000000768800000, 0x0000000768a00000, 0x0000000768a00000|100%|HC|  |TAMS 0x0000000768a00000| PB 0x0000000768800000| Complete |  0
| 294|0x0000000768a00000, 0x0000000768c00000, 0x0000000768c00000|100%|HC|  |TAMS 0x0000000768c00000| PB 0x0000000768a00000| Complete |  0
| 295|0x0000000768c00000, 0x0000000768e00000, 0x0000000768e00000|100%|HC|  |TAMS 0x0000000768e00000| PB 0x0000000768c00000| Complete |  0
| 296|0x0000000768e00000, 0x0000000769000000, 0x0000000769000000|100%|HC|  |TAMS 0x0000000769000000| PB 0x0000000768e00000| Complete |  0
| 297|0x0000000769000000, 0x0000000769200000, 0x0000000769200000|100%|HC|  |TAMS 0x0000000769200000| PB 0x0000000769000000| Complete |  0
| 298|0x0000000769200000, 0x0000000769400000, 0x0000000769400000|100%|HC|  |TAMS 0x0000000769400000| PB 0x0000000769200000| Complete |  0
| 299|0x0000000769400000, 0x0000000769600000, 0x0000000769600000|100%|HC|  |TAMS 0x0000000769600000| PB 0x0000000769400000| Complete |  0
| 300|0x0000000769600000, 0x0000000769800000, 0x0000000769800000|100%|HC|  |TAMS 0x0000000769800000| PB 0x0000000769600000| Complete |  0
| 301|0x0000000769800000, 0x0000000769a00000, 0x0000000769a00000|100%| O|  |TAMS 0x0000000769a00000| PB 0x0000000769800000| Untracked |  0
| 302|0x0000000769a00000, 0x0000000769c00000, 0x0000000769c00000|100%| O|  |TAMS 0x0000000769c00000| PB 0x0000000769a00000| Untracked |  0
| 303|0x0000000769c00000, 0x0000000769e00000, 0x0000000769e00000|100%| O|  |TAMS 0x0000000769e00000| PB 0x0000000769c00000| Untracked |  0
| 304|0x0000000769e00000, 0x000000076a000000, 0x000000076a000000|100%| O|  |TAMS 0x000000076a000000| PB 0x0000000769e00000| Untracked |  0
| 305|0x000000076a000000, 0x000000076a200000, 0x000000076a200000|100%| O|  |TAMS 0x000000076a200000| PB 0x000000076a000000| Untracked |  0
| 306|0x000000076a200000, 0x000000076a400000, 0x000000076a400000|100%| O|  |TAMS 0x000000076a400000| PB 0x000000076a200000| Untracked |  0
| 307|0x000000076a400000, 0x000000076a600000, 0x000000076a600000|100%| O|  |TAMS 0x000000076a600000| PB 0x000000076a400000| Untracked |  0
| 308|0x000000076a600000, 0x000000076a800000, 0x000000076a800000|100%| O|  |TAMS 0x000000076a800000| PB 0x000000076a600000| Untracked |  0
| 309|0x000000076a800000, 0x000000076aa00000, 0x000000076aa00000|100%|HS|  |TAMS 0x000000076aa00000| PB 0x000000076a800000| Complete |  0
| 310|0x000000076aa00000, 0x000000076ac00000, 0x000000076ac00000|100%|HC|  |TAMS 0x000000076ac00000| PB 0x000000076aa00000| Complete |  0
| 311|0x000000076ac00000, 0x000000076ae00000, 0x000000076ae00000|100%|HC|  |TAMS 0x000000076ae00000| PB 0x000000076ac00000| Complete |  0
| 312|0x000000076ae00000, 0x000000076b000000, 0x000000076b000000|100%|HC|  |TAMS 0x000000076b000000| PB 0x000000076ae00000| Complete |  0
| 313|0x000000076b000000, 0x000000076b200000, 0x000000076b200000|100%|HC|  |TAMS 0x000000076b200000| PB 0x000000076b000000| Complete |  0
| 314|0x000000076b200000, 0x000000076b400000, 0x000000076b400000|100%|HC|  |TAMS 0x000000076b400000| PB 0x000000076b200000| Complete |  0
| 315|0x000000076b400000, 0x000000076b600000, 0x000000076b600000|100%|HC|  |TAMS 0x000000076b600000| PB 0x000000076b400000| Complete |  0
| 316|0x000000076b600000, 0x000000076b800000, 0x000000076b800000|100%|HC|  |TAMS 0x000000076b800000| PB 0x000000076b600000| Complete |  0
| 317|0x000000076b800000, 0x000000076ba00000, 0x000000076ba00000|100%| O|  |TAMS 0x000000076ba00000| PB 0x000000076b800000| Untracked |  0
| 318|0x000000076ba00000, 0x000000076bc00000, 0x000000076bc00000|100%| O|  |TAMS 0x000000076bc00000| PB 0x000000076ba00000| Untracked |  0
| 319|0x000000076bc00000, 0x000000076be00000, 0x000000076be00000|100%| O|  |TAMS 0x000000076be00000| PB 0x000000076bc00000| Untracked |  0
| 320|0x000000076be00000, 0x000000076c000000, 0x000000076c000000|100%| O|  |TAMS 0x000000076c000000| PB 0x000000076be00000| Untracked |  0
| 321|0x000000076c000000, 0x000000076c200000, 0x000000076c200000|100%| O|  |TAMS 0x000000076c200000| PB 0x000000076c000000| Untracked |  0
| 322|0x000000076c200000, 0x000000076c400000, 0x000000076c400000|100%| O|  |TAMS 0x000000076c400000| PB 0x000000076c200000| Untracked |  0
| 323|0x000000076c400000, 0x000000076c600000, 0x000000076c600000|100%| O|  |TAMS 0x000000076c600000| PB 0x000000076c400000| Untracked |  0
| 324|0x000000076c600000, 0x000000076c800000, 0x000000076c800000|100%| O|  |TAMS 0x000000076c800000| PB 0x000000076c600000| Untracked |  0
| 325|0x000000076c800000, 0x000000076ca00000, 0x000000076ca00000|100%| O|  |TAMS 0x000000076ca00000| PB 0x000000076c800000| Untracked |  0
| 326|0x000000076ca00000, 0x000000076cc00000, 0x000000076cc00000|100%| O|  |TAMS 0x000000076cc00000| PB 0x000000076ca00000| Untracked |  0
| 327|0x000000076cc00000, 0x000000076ce00000, 0x000000076ce00000|100%| O|  |TAMS 0x000000076ce00000| PB 0x000000076cc00000| Untracked |  0
| 328|0x000000076ce00000, 0x000000076d000000, 0x000000076d000000|100%|HS|  |TAMS 0x000000076d000000| PB 0x000000076ce00000| Complete |  0
| 329|0x000000076d000000, 0x000000076d200000, 0x000000076d200000|100%| O|  |TAMS 0x000000076d200000| PB 0x000000076d000000| Untracked |  0
| 330|0x000000076d200000, 0x000000076d400000, 0x000000076d400000|100%| O|  |TAMS 0x000000076d400000| PB 0x000000076d200000| Untracked |  0
| 331|0x000000076d400000, 0x000000076d600000, 0x000000076d600000|100%| O|  |TAMS 0x000000076d600000| PB 0x000000076d400000| Untracked |  0
| 332|0x000000076d600000, 0x000000076d800000, 0x000000076d800000|100%| O|  |TAMS 0x000000076d800000| PB 0x000000076d600000| Untracked |  0
| 333|0x000000076d800000, 0x000000076da00000, 0x000000076da00000|100%| O|  |TAMS 0x000000076da00000| PB 0x000000076d800000| Untracked |  0
| 334|0x000000076da00000, 0x000000076dc00000, 0x000000076dc00000|100%| O|  |TAMS 0x000000076dc00000| PB 0x000000076da00000| Untracked |  0
| 335|0x000000076dc00000, 0x000000076de00000, 0x000000076de00000|100%| O|  |TAMS 0x000000076de00000| PB 0x000000076dc00000| Untracked |  0
| 336|0x000000076de00000, 0x000000076e000000, 0x000000076e000000|100%| O|  |TAMS 0x000000076e000000| PB 0x000000076de00000| Untracked |  0
| 337|0x000000076e000000, 0x000000076e200000, 0x000000076e200000|100%| O|  |TAMS 0x000000076e200000| PB 0x000000076e000000| Untracked |  0
| 338|0x000000076e200000, 0x000000076e400000, 0x000000076e400000|100%| O|  |TAMS 0x000000076e200000| PB 0x000000076e200000| Untracked |  0
| 339|0x000000076e400000, 0x000000076e600000, 0x000000076e600000|100%| O|  |TAMS 0x000000076e600000| PB 0x000000076e400000| Untracked |  0
| 340|0x000000076e600000, 0x000000076e800000, 0x000000076e800000|100%| O|  |TAMS 0x000000076e800000| PB 0x000000076e600000| Untracked |  0
| 341|0x000000076e800000, 0x000000076ea00000, 0x000000076ea00000|100%| O|  |TAMS 0x000000076ea00000| PB 0x000000076e800000| Untracked |  0
| 342|0x000000076ea00000, 0x000000076ec00000, 0x000000076ec00000|100%| O|  |TAMS 0x000000076ec00000| PB 0x000000076ea00000| Untracked |  0
| 343|0x000000076ec00000, 0x000000076ee00000, 0x000000076ee00000|100%| O|  |TAMS 0x000000076ee00000| PB 0x000000076ec00000| Untracked |  0
| 344|0x000000076ee00000, 0x000000076f000000, 0x000000076f000000|100%| O|  |TAMS 0x000000076f000000| PB 0x000000076ee00000| Untracked |  0
| 345|0x000000076f000000, 0x000000076f200000, 0x000000076f200000|100%| O|  |TAMS 0x000000076f200000| PB 0x000000076f000000| Untracked |  0
| 346|0x000000076f200000, 0x000000076f400000, 0x000000076f400000|100%| O|  |TAMS 0x000000076f400000| PB 0x000000076f200000| Untracked |  0
| 347|0x000000076f400000, 0x000000076f600000, 0x000000076f600000|100%| O|  |TAMS 0x000000076f600000| PB 0x000000076f400000| Untracked |  0
| 348|0x000000076f600000, 0x000000076f800000, 0x000000076f800000|100%| O|  |TAMS 0x000000076f800000| PB 0x000000076f600000| Untracked |  0
| 349|0x000000076f800000, 0x000000076fa00000, 0x000000076fa00000|100%| O|  |TAMS 0x000000076fa00000| PB 0x000000076f800000| Untracked |  0
| 350|0x000000076fa00000, 0x000000076fc00000, 0x000000076fc00000|100%| O|  |TAMS 0x000000076fc00000| PB 0x000000076fa00000| Untracked |  0
| 351|0x000000076fc00000, 0x000000076fe00000, 0x000000076fe00000|100%| O|  |TAMS 0x000000076fe00000| PB 0x000000076fc00000| Untracked |  0
| 352|0x000000076fe00000, 0x0000000770000000, 0x0000000770000000|100%| O|  |TAMS 0x0000000770000000| PB 0x000000076fe00000| Untracked |  0
| 353|0x0000000770000000, 0x0000000770200000, 0x0000000770200000|100%| O|  |TAMS 0x0000000770200000| PB 0x0000000770000000| Untracked |  0
| 354|0x0000000770200000, 0x0000000770400000, 0x0000000770400000|100%| O|  |TAMS 0x0000000770400000| PB 0x0000000770200000| Untracked |  0
| 355|0x0000000770400000, 0x0000000770600000, 0x0000000770600000|100%| O|  |TAMS 0x0000000770600000| PB 0x0000000770400000| Untracked |  0
| 356|0x0000000770600000, 0x0000000770800000, 0x0000000770800000|100%| O|  |TAMS 0x0000000770800000| PB 0x0000000770600000| Untracked |  0
| 357|0x0000000770800000, 0x0000000770a00000, 0x0000000770a00000|100%| O|  |TAMS 0x0000000770a00000| PB 0x0000000770800000| Untracked |  0
| 358|0x0000000770a00000, 0x0000000770c00000, 0x0000000770c00000|100%| O|  |TAMS 0x0000000770c00000| PB 0x0000000770a00000| Untracked |  0
| 359|0x0000000770c00000, 0x0000000770e00000, 0x0000000770e00000|100%| O|  |TAMS 0x0000000770e00000| PB 0x0000000770c00000| Untracked |  0
| 360|0x0000000770e00000, 0x0000000771000000, 0x0000000771000000|100%| O|  |TAMS 0x0000000771000000| PB 0x0000000770e00000| Untracked |  0
| 361|0x0000000771000000, 0x0000000771200000, 0x0000000771200000|100%| O|  |TAMS 0x0000000771200000| PB 0x0000000771000000| Untracked |  0
| 362|0x0000000771200000, 0x0000000771400000, 0x0000000771400000|100%| O|  |TAMS 0x0000000771400000| PB 0x0000000771200000| Untracked |  0
| 363|0x0000000771400000, 0x0000000771600000, 0x0000000771600000|100%| O|  |TAMS 0x0000000771600000| PB 0x0000000771400000| Untracked |  0
| 364|0x0000000771600000, 0x0000000771800000, 0x0000000771800000|100%| O|  |TAMS 0x0000000771800000| PB 0x0000000771600000| Untracked |  0
| 365|0x0000000771800000, 0x0000000771a00000, 0x0000000771a00000|100%| O|  |TAMS 0x0000000771a00000| PB 0x0000000771800000| Untracked |  0
| 366|0x0000000771a00000, 0x0000000771c00000, 0x0000000771c00000|100%| O|  |TAMS 0x0000000771c00000| PB 0x0000000771a00000| Untracked |  0
| 367|0x0000000771c00000, 0x0000000771e00000, 0x0000000771e00000|100%| O|  |TAMS 0x0000000771e00000| PB 0x0000000771c00000| Untracked |  0
| 368|0x0000000771e00000, 0x0000000772000000, 0x0000000772000000|100%| O|  |TAMS 0x0000000772000000| PB 0x0000000771e00000| Untracked |  0
| 369|0x0000000772000000, 0x0000000772200000, 0x0000000772200000|100%| O|  |TAMS 0x0000000772200000| PB 0x0000000772000000| Untracked |  0
| 370|0x0000000772200000, 0x0000000772400000, 0x0000000772400000|100%| O|  |TAMS 0x0000000772400000| PB 0x0000000772200000| Untracked |  0
| 371|0x0000000772400000, 0x0000000772600000, 0x0000000772600000|100%| O|  |TAMS 0x0000000772600000| PB 0x0000000772400000| Untracked |  0
| 372|0x0000000772600000, 0x0000000772800000, 0x0000000772800000|100%| O|  |TAMS 0x0000000772800000| PB 0x0000000772600000| Untracked |  0
| 373|0x0000000772800000, 0x0000000772a00000, 0x0000000772a00000|100%| O|  |TAMS 0x0000000772a00000| PB 0x0000000772800000| Untracked |  0
| 374|0x0000000772a00000, 0x0000000772c00000, 0x0000000772c00000|100%| O|  |TAMS 0x0000000772c00000| PB 0x0000000772a00000| Untracked |  0
| 375|0x0000000772c00000, 0x0000000772e00000, 0x0000000772e00000|100%| O|  |TAMS 0x0000000772e00000| PB 0x0000000772c00000| Untracked |  0
| 376|0x0000000772e00000, 0x0000000773000000, 0x0000000773000000|100%| O|  |TAMS 0x0000000773000000| PB 0x0000000772e00000| Untracked |  0
| 377|0x0000000773000000, 0x0000000773200000, 0x0000000773200000|100%| O|  |TAMS 0x0000000773200000| PB 0x0000000773000000| Untracked |  0
| 378|0x0000000773200000, 0x0000000773400000, 0x0000000773400000|100%| O|  |TAMS 0x0000000773400000| PB 0x0000000773200000| Untracked |  0
| 379|0x0000000773400000, 0x0000000773600000, 0x0000000773600000|100%| O|  |TAMS 0x0000000773600000| PB 0x0000000773400000| Untracked |  0
| 380|0x0000000773600000, 0x0000000773800000, 0x0000000773800000|100%| O|  |TAMS 0x0000000773800000| PB 0x0000000773600000| Untracked |  0
| 381|0x0000000773800000, 0x0000000773a00000, 0x0000000773a00000|100%| O|  |TAMS 0x0000000773a00000| PB 0x0000000773800000| Untracked |  0
| 382|0x0000000773a00000, 0x0000000773c00000, 0x0000000773c00000|100%| O|  |TAMS 0x0000000773c00000| PB 0x0000000773a00000| Untracked |  0
| 383|0x0000000773c00000, 0x0000000773e00000, 0x0000000773e00000|100%| O|  |TAMS 0x0000000773e00000| PB 0x0000000773c00000| Untracked |  0
| 384|0x0000000773e00000, 0x0000000774000000, 0x0000000774000000|100%| O|  |TAMS 0x0000000774000000| PB 0x0000000773e00000| Untracked |  0
| 385|0x0000000774000000, 0x0000000774200000, 0x0000000774200000|100%| O|  |TAMS 0x0000000774000000| PB 0x0000000774000000| Untracked |  0
| 386|0x0000000774200000, 0x0000000774400000, 0x0000000774400000|100%| O|  |TAMS 0x0000000774400000| PB 0x0000000774200000| Untracked |  0
| 387|0x0000000774400000, 0x0000000774600000, 0x0000000774600000|100%| O|  |TAMS 0x0000000774600000| PB 0x0000000774400000| Untracked |  0
| 388|0x0000000774600000, 0x0000000774800000, 0x0000000774800000|100%| O|  |TAMS 0x0000000774800000| PB 0x0000000774600000| Untracked |  0
| 389|0x0000000774800000, 0x0000000774a00000, 0x0000000774a00000|100%| O|  |TAMS 0x0000000774a00000| PB 0x0000000774800000| Untracked |  0
| 390|0x0000000774a00000, 0x0000000774c00000, 0x0000000774c00000|100%| O|  |TAMS 0x0000000774c00000| PB 0x0000000774a00000| Untracked |  0
| 391|0x0000000774c00000, 0x0000000774e00000, 0x0000000774e00000|100%| O|  |TAMS 0x0000000774e00000| PB 0x0000000774c00000| Untracked |  0
| 392|0x0000000774e00000, 0x0000000775000000, 0x0000000775000000|100%|HS|  |TAMS 0x0000000775000000| PB 0x0000000774e00000| Complete |  0
| 393|0x0000000775000000, 0x0000000775200000, 0x0000000775200000|100%|HC|  |TAMS 0x0000000775200000| PB 0x0000000775000000| Complete |  0
| 394|0x0000000775200000, 0x0000000775400000, 0x0000000775400000|100%|HC|  |TAMS 0x0000000775400000| PB 0x0000000775200000| Complete |  0
| 395|0x0000000775400000, 0x0000000775600000, 0x0000000775600000|100%|HC|  |TAMS 0x0000000775600000| PB 0x0000000775400000| Complete |  0
| 396|0x0000000775600000, 0x0000000775800000, 0x0000000775800000|100%|HC|  |TAMS 0x0000000775800000| PB 0x0000000775600000| Complete |  0
| 397|0x0000000775800000, 0x0000000775a00000, 0x0000000775a00000|100%|HC|  |TAMS 0x0000000775a00000| PB 0x0000000775800000| Complete |  0
| 398|0x0000000775a00000, 0x0000000775c00000, 0x0000000775c00000|100%|HC|  |TAMS 0x0000000775c00000| PB 0x0000000775a00000| Complete |  0
| 399|0x0000000775c00000, 0x0000000775e00000, 0x0000000775e00000|100%|HC|  |TAMS 0x0000000775e00000| PB 0x0000000775c00000| Complete |  0
| 400|0x0000000775e00000, 0x0000000776000000, 0x0000000776000000|100%|HS|  |TAMS 0x0000000776000000| PB 0x0000000775e00000| Complete |  0
| 401|0x0000000776000000, 0x0000000776200000, 0x0000000776200000|100%|HC|  |TAMS 0x0000000776200000| PB 0x0000000776000000| Complete |  0
| 402|0x0000000776200000, 0x0000000776400000, 0x0000000776400000|100%|HS|  |TAMS 0x0000000776400000| PB 0x0000000776200000| Complete |  0
| 403|0x0000000776400000, 0x0000000776600000, 0x0000000776600000|100%|HC|  |TAMS 0x0000000776600000| PB 0x0000000776400000| Complete |  0
| 404|0x0000000776600000, 0x0000000776800000, 0x0000000776800000|100%|HS|  |TAMS 0x0000000776800000| PB 0x0000000776600000| Complete |  0
| 405|0x0000000776800000, 0x0000000776a00000, 0x0000000776a00000|100%| O|  |TAMS 0x0000000776a00000| PB 0x0000000776800000| Untracked |  0
| 406|0x0000000776a00000, 0x0000000776c00000, 0x0000000776c00000|100%| O|  |TAMS 0x0000000776c00000| PB 0x0000000776a00000| Untracked |  0
| 407|0x0000000776c00000, 0x0000000776e00000, 0x0000000776e00000|100%| O|  |TAMS 0x0000000776e00000| PB 0x0000000776c00000| Untracked |  0
| 408|0x0000000776e00000, 0x0000000777000000, 0x0000000777000000|100%|HS|  |TAMS 0x0000000777000000| PB 0x0000000776e00000| Complete |  0
| 409|0x0000000777000000, 0x0000000777200000, 0x0000000777200000|100%|HC|  |TAMS 0x0000000777200000| PB 0x0000000777000000| Complete |  0
| 410|0x0000000777200000, 0x0000000777400000, 0x0000000777400000|100%|HC|  |TAMS 0x0000000777400000| PB 0x0000000777200000| Complete |  0
| 411|0x0000000777400000, 0x0000000777600000, 0x0000000777600000|100%|HC|  |TAMS 0x0000000777600000| PB 0x0000000777400000| Complete |  0
| 412|0x0000000777600000, 0x0000000777800000, 0x0000000777800000|100%|HC|  |TAMS 0x0000000777800000| PB 0x0000000777600000| Complete |  0
| 413|0x0000000777800000, 0x0000000777a00000, 0x0000000777a00000|100%|HC|  |TAMS 0x0000000777a00000| PB 0x0000000777800000| Complete |  0
| 414|0x0000000777a00000, 0x0000000777c00000, 0x0000000777c00000|100%|HC|  |TAMS 0x0000000777c00000| PB 0x0000000777a00000| Complete |  0
| 415|0x0000000777c00000, 0x0000000777e00000, 0x0000000777e00000|100%|HC|  |TAMS 0x0000000777e00000| PB 0x0000000777c00000| Complete |  0
| 416|0x0000000777e00000, 0x0000000778000000, 0x0000000778000000|100%|HC|  |TAMS 0x0000000778000000| PB 0x0000000777e00000| Complete |  0
| 417|0x0000000778000000, 0x0000000778200000, 0x0000000778200000|100%|HC|  |TAMS 0x0000000778200000| PB 0x0000000778000000| Complete |  0
| 418|0x0000000778200000, 0x0000000778400000, 0x0000000778400000|100%|HC|  |TAMS 0x0000000778400000| PB 0x0000000778200000| Complete |  0
| 419|0x0000000778400000, 0x0000000778600000, 0x0000000778600000|100%|HC|  |TAMS 0x0000000778600000| PB 0x0000000778400000| Complete |  0
| 420|0x0000000778600000, 0x0000000778800000, 0x0000000778800000|100%|HS|  |TAMS 0x0000000778800000| PB 0x0000000778600000| Complete |  0
| 421|0x0000000778800000, 0x0000000778a00000, 0x0000000778a00000|100%|HC|  |TAMS 0x0000000778a00000| PB 0x0000000778800000| Complete |  0
| 422|0x0000000778a00000, 0x0000000778c00000, 0x0000000778c00000|100%|HC|  |TAMS 0x0000000778c00000| PB 0x0000000778a00000| Complete |  0
| 423|0x0000000778c00000, 0x0000000778e00000, 0x0000000778e00000|100%|HS|  |TAMS 0x0000000778e00000| PB 0x0000000778c00000| Complete |  0
| 424|0x0000000778e00000, 0x0000000779000000, 0x0000000779000000|100%|HC|  |TAMS 0x0000000779000000| PB 0x0000000778e00000| Complete |  0
| 425|0x0000000779000000, 0x0000000779200000, 0x0000000779200000|100%|HC|  |TAMS 0x0000000779200000| PB 0x0000000779000000| Complete |  0
| 426|0x0000000779200000, 0x0000000779400000, 0x0000000779400000|100%|HC|  |TAMS 0x0000000779400000| PB 0x0000000779200000| Complete |  0
| 427|0x0000000779400000, 0x0000000779600000, 0x0000000779600000|100%|HS|  |TAMS 0x0000000779600000| PB 0x0000000779400000| Complete |  0
| 428|0x0000000779600000, 0x0000000779800000, 0x0000000779800000|100%|HC|  |TAMS 0x0000000779800000| PB 0x0000000779600000| Complete |  0
| 429|0x0000000779800000, 0x0000000779a00000, 0x0000000779a00000|100%|HC|  |TAMS 0x0000000779a00000| PB 0x0000000779800000| Complete |  0
| 430|0x0000000779a00000, 0x0000000779c00000, 0x0000000779c00000|100%|HC|  |TAMS 0x0000000779c00000| PB 0x0000000779a00000| Complete |  0
| 431|0x0000000779c00000, 0x0000000779e00000, 0x0000000779e00000|100%|HC|  |TAMS 0x0000000779e00000| PB 0x0000000779c00000| Complete |  0
| 432|0x0000000779e00000, 0x000000077a000000, 0x000000077a000000|100%|HC|  |TAMS 0x000000077a000000| PB 0x0000000779e00000| Complete |  0
| 433|0x000000077a000000, 0x000000077a200000, 0x000000077a200000|100%|HS|  |TAMS 0x000000077a200000| PB 0x000000077a000000| Complete |  0
| 434|0x000000077a200000, 0x000000077a400000, 0x000000077a400000|100%|HC|  |TAMS 0x000000077a400000| PB 0x000000077a200000| Complete |  0
| 435|0x000000077a400000, 0x000000077a600000, 0x000000077a600000|100%|HC|  |TAMS 0x000000077a600000| PB 0x000000077a400000| Complete |  0
| 436|0x000000077a600000, 0x000000077a800000, 0x000000077a800000|100%|HC|  |TAMS 0x000000077a800000| PB 0x000000077a600000| Complete |  0
| 437|0x000000077a800000, 0x000000077aa00000, 0x000000077aa00000|100%|HC|  |TAMS 0x000000077aa00000| PB 0x000000077a800000| Complete |  0
| 438|0x000000077aa00000, 0x000000077ac00000, 0x000000077ac00000|100%|HC|  |TAMS 0x000000077ac00000| PB 0x000000077aa00000| Complete |  0
| 439|0x000000077ac00000, 0x000000077ae00000, 0x000000077ae00000|100%|HC|  |TAMS 0x000000077ae00000| PB 0x000000077ac00000| Complete |  0
| 440|0x000000077ae00000, 0x000000077b000000, 0x000000077b000000|100%|HC|  |TAMS 0x000000077b000000| PB 0x000000077ae00000| Complete |  0
| 441|0x000000077b000000, 0x000000077b200000, 0x000000077b200000|100%|HS|  |TAMS 0x000000077b200000| PB 0x000000077b000000| Complete |  0
| 442|0x000000077b200000, 0x000000077b400000, 0x000000077b400000|100%|HC|  |TAMS 0x000000077b400000| PB 0x000000077b200000| Complete |  0
| 443|0x000000077b400000, 0x000000077b600000, 0x000000077b600000|100%|HC|  |TAMS 0x000000077b600000| PB 0x000000077b400000| Complete |  0
| 444|0x000000077b600000, 0x000000077b800000, 0x000000077b800000|100%|HC|  |TAMS 0x000000077b800000| PB 0x000000077b600000| Complete |  0
| 445|0x000000077b800000, 0x000000077ba00000, 0x000000077ba00000|100%|HC|  |TAMS 0x000000077ba00000| PB 0x000000077b800000| Complete |  0
| 446|0x000000077ba00000, 0x000000077bc00000, 0x000000077bc00000|100%|HC|  |TAMS 0x000000077bc00000| PB 0x000000077ba00000| Complete |  0
| 447|0x000000077bc00000, 0x000000077be00000, 0x000000077be00000|100%|HC|  |TAMS 0x000000077be00000| PB 0x000000077bc00000| Complete |  0
| 448|0x000000077be00000, 0x000000077c000000, 0x000000077c000000|100%|HC|  |TAMS 0x000000077c000000| PB 0x000000077be00000| Complete |  0
| 449|0x000000077c000000, 0x000000077c200000, 0x000000077c200000|100%|HC|  |TAMS 0x000000077c200000| PB 0x000000077c000000| Complete |  0
| 450|0x000000077c200000, 0x000000077c400000, 0x000000077c400000|100%|HC|  |TAMS 0x000000077c400000| PB 0x000000077c200000| Complete |  0
| 451|0x000000077c400000, 0x000000077c600000, 0x000000077c600000|100%|HC|  |TAMS 0x000000077c600000| PB 0x000000077c400000| Complete |  0
| 452|0x000000077c600000, 0x000000077c800000, 0x000000077c800000|100%|HC|  |TAMS 0x000000077c800000| PB 0x000000077c600000| Complete |  0
| 453|0x000000077c800000, 0x000000077ca00000, 0x000000077ca00000|100%|HS|  |TAMS 0x000000077ca00000| PB 0x000000077c800000| Complete |  0
| 454|0x000000077ca00000, 0x000000077cc00000, 0x000000077cc00000|100%|HC|  |TAMS 0x000000077cc00000| PB 0x000000077ca00000| Complete |  0
| 455|0x000000077cc00000, 0x000000077ce00000, 0x000000077ce00000|100%|HS|  |TAMS 0x000000077ce00000| PB 0x000000077cc00000| Complete |  0
| 456|0x000000077ce00000, 0x000000077d000000, 0x000000077d000000|100%|HC|  |TAMS 0x000000077d000000| PB 0x000000077ce00000| Complete |  0
| 457|0x000000077d000000, 0x000000077d200000, 0x000000077d200000|100%|HS|  |TAMS 0x000000077d200000| PB 0x000000077d000000| Complete |  0
| 458|0x000000077d200000, 0x000000077d400000, 0x000000077d400000|100%|HC|  |TAMS 0x000000077d400000| PB 0x000000077d200000| Complete |  0
| 459|0x000000077d400000, 0x000000077d600000, 0x000000077d600000|100%|HC|  |TAMS 0x000000077d600000| PB 0x000000077d400000| Complete |  0
| 460|0x000000077d600000, 0x000000077d800000, 0x000000077d800000|100%|HS|  |TAMS 0x000000077d800000| PB 0x000000077d600000| Complete |  0
| 461|0x000000077d800000, 0x000000077da00000, 0x000000077da00000|100%|HC|  |TAMS 0x000000077da00000| PB 0x000000077d800000| Complete |  0
| 462|0x000000077da00000, 0x000000077dc00000, 0x000000077dc00000|100%|HC|  |TAMS 0x000000077dc00000| PB 0x000000077da00000| Complete |  0
| 463|0x000000077dc00000, 0x000000077de00000, 0x000000077de00000|100%|HC|  |TAMS 0x000000077de00000| PB 0x000000077dc00000| Complete |  0
| 464|0x000000077de00000, 0x000000077e000000, 0x000000077e000000|100%|HS|  |TAMS 0x000000077e000000| PB 0x000000077de00000| Complete |  0
| 465|0x000000077e000000, 0x000000077e200000, 0x000000077e200000|100%|HC|  |TAMS 0x000000077e200000| PB 0x000000077e000000| Complete |  0
| 466|0x000000077e200000, 0x000000077e400000, 0x000000077e400000|100%|HC|  |TAMS 0x000000077e400000| PB 0x000000077e200000| Complete |  0
| 467|0x000000077e400000, 0x000000077e600000, 0x000000077e600000|100%|HC|  |TAMS 0x000000077e600000| PB 0x000000077e400000| Complete |  0
| 468|0x000000077e600000, 0x000000077e800000, 0x000000077e800000|100%|HC|  |TAMS 0x000000077e800000| PB 0x000000077e600000| Complete |  0
| 469|0x000000077e800000, 0x000000077ea00000, 0x000000077ea00000|100%|HC|  |TAMS 0x000000077ea00000| PB 0x000000077e800000| Complete |  0
| 470|0x000000077ea00000, 0x000000077ec00000, 0x000000077ec00000|100%| O|  |TAMS 0x000000077ec00000| PB 0x000000077ea00000| Untracked |  0
| 471|0x000000077ec00000, 0x000000077ee00000, 0x000000077ee00000|100%| O|  |TAMS 0x000000077ee00000| PB 0x000000077ec00000| Untracked |  0
| 472|0x000000077ee00000, 0x000000077f000000, 0x000000077f000000|100%| O|  |TAMS 0x000000077f000000| PB 0x000000077ee00000| Untracked |  0
| 473|0x000000077f000000, 0x000000077f200000, 0x000000077f200000|100%| O|  |TAMS 0x000000077f200000| PB 0x000000077f000000| Untracked |  0
| 474|0x000000077f200000, 0x000000077f400000, 0x000000077f400000|100%| O|  |TAMS 0x000000077f400000| PB 0x000000077f200000| Untracked |  0
| 475|0x000000077f400000, 0x000000077f600000, 0x000000077f600000|100%| O|  |TAMS 0x000000077f600000| PB 0x000000077f400000| Untracked |  0
| 476|0x000000077f600000, 0x000000077f800000, 0x000000077f800000|100%| O|  |TAMS 0x000000077f800000| PB 0x000000077f600000| Untracked |  0
| 477|0x000000077f800000, 0x000000077fa00000, 0x000000077fa00000|100%| O|  |TAMS 0x000000077fa00000| PB 0x000000077f800000| Untracked |  0
| 478|0x000000077fa00000, 0x000000077fc00000, 0x000000077fc00000|100%| O|  |TAMS 0x000000077fc00000| PB 0x000000077fa00000| Untracked |  0
| 479|0x000000077fc00000, 0x000000077fe00000, 0x000000077fe00000|100%| O|  |TAMS 0x000000077fe00000| PB 0x000000077fc00000| Untracked |  0
| 480|0x000000077fe00000, 0x0000000780000000, 0x0000000780000000|100%| O|  |TAMS 0x0000000780000000| PB 0x000000077fe00000| Untracked |  0
| 481|0x0000000780000000, 0x0000000780200000, 0x0000000780200000|100%| O|  |TAMS 0x0000000780200000| PB 0x0000000780000000| Untracked |  0
| 482|0x0000000780200000, 0x0000000780400000, 0x0000000780400000|100%| O|  |TAMS 0x0000000780400000| PB 0x0000000780200000| Untracked |  0
| 483|0x0000000780400000, 0x0000000780600000, 0x0000000780600000|100%| O|  |TAMS 0x0000000780600000| PB 0x0000000780400000| Untracked |  0
| 484|0x0000000780600000, 0x0000000780800000, 0x0000000780800000|100%| O|  |TAMS 0x0000000780800000| PB 0x0000000780600000| Untracked |  0
| 485|0x0000000780800000, 0x0000000780a00000, 0x0000000780a00000|100%| O|  |TAMS 0x0000000780a00000| PB 0x0000000780800000| Untracked |  0
| 486|0x0000000780a00000, 0x0000000780c00000, 0x0000000780c00000|100%| O|  |TAMS 0x0000000780c00000| PB 0x0000000780a00000| Untracked |  0
| 487|0x0000000780c00000, 0x0000000780e00000, 0x0000000780e00000|100%| O|  |TAMS 0x0000000780e00000| PB 0x0000000780c00000| Untracked |  0
| 488|0x0000000780e00000, 0x0000000781000000, 0x0000000781000000|100%| O|  |TAMS 0x0000000781000000| PB 0x0000000780e00000| Untracked |  0
| 489|0x0000000781000000, 0x0000000781200000, 0x0000000781200000|100%| O|  |TAMS 0x0000000781200000| PB 0x0000000781000000| Untracked |  0
| 490|0x0000000781200000, 0x0000000781400000, 0x0000000781400000|100%| O|  |TAMS 0x0000000781400000| PB 0x0000000781200000| Untracked |  0
| 491|0x0000000781400000, 0x0000000781600000, 0x0000000781600000|100%| O|  |TAMS 0x0000000781600000| PB 0x0000000781400000| Untracked |  0
| 492|0x0000000781600000, 0x0000000781800000, 0x0000000781800000|100%| O|  |TAMS 0x0000000781800000| PB 0x0000000781600000| Untracked |  0
| 493|0x0000000781800000, 0x0000000781a00000, 0x0000000781a00000|100%| O|  |TAMS 0x0000000781a00000| PB 0x0000000781800000| Untracked |  0
| 494|0x0000000781a00000, 0x0000000781c00000, 0x0000000781c00000|100%| O|  |TAMS 0x0000000781c00000| PB 0x0000000781a00000| Untracked |  0
| 495|0x0000000781c00000, 0x0000000781e00000, 0x0000000781e00000|100%| O|  |TAMS 0x0000000781e00000| PB 0x0000000781c00000| Untracked |  0
| 496|0x0000000781e00000, 0x0000000782000000, 0x0000000782000000|100%| O|  |TAMS 0x0000000782000000| PB 0x0000000781e00000| Untracked |  0
| 497|0x0000000782000000, 0x0000000782200000, 0x0000000782200000|100%| O|  |TAMS 0x0000000782200000| PB 0x0000000782000000| Untracked |  0
| 498|0x0000000782200000, 0x0000000782400000, 0x0000000782400000|100%| O|  |TAMS 0x0000000782400000| PB 0x0000000782200000| Untracked |  0
| 499|0x0000000782400000, 0x0000000782600000, 0x0000000782600000|100%| O|  |TAMS 0x0000000782600000| PB 0x0000000782400000| Untracked |  0
| 500|0x0000000782600000, 0x0000000782800000, 0x0000000782800000|100%| O|  |TAMS 0x0000000782800000| PB 0x0000000782600000| Untracked |  0
| 501|0x0000000782800000, 0x0000000782a00000, 0x0000000782a00000|100%| O|  |TAMS 0x0000000782a00000| PB 0x0000000782800000| Untracked |  0
| 502|0x0000000782a00000, 0x0000000782c00000, 0x0000000782c00000|100%| O|  |TAMS 0x0000000782c00000| PB 0x0000000782a00000| Untracked |  0
| 503|0x0000000782c00000, 0x0000000782e00000, 0x0000000782e00000|100%| O|  |TAMS 0x0000000782e00000| PB 0x0000000782c00000| Untracked |  0
| 504|0x0000000782e00000, 0x0000000783000000, 0x0000000783000000|100%| O|  |TAMS 0x0000000783000000| PB 0x0000000782e00000| Untracked |  0
| 505|0x0000000783000000, 0x0000000783200000, 0x0000000783200000|100%| O|  |TAMS 0x0000000783200000| PB 0x0000000783000000| Untracked |  0
| 506|0x0000000783200000, 0x0000000783400000, 0x0000000783400000|100%| O|  |TAMS 0x0000000783400000| PB 0x0000000783200000| Untracked |  0
| 507|0x0000000783400000, 0x0000000783600000, 0x0000000783600000|100%| O|  |TAMS 0x0000000783600000| PB 0x0000000783400000| Untracked |  0
| 508|0x0000000783600000, 0x0000000783800000, 0x0000000783800000|100%| O|  |TAMS 0x0000000783800000| PB 0x0000000783600000| Untracked |  0
| 509|0x0000000783800000, 0x0000000783a00000, 0x0000000783a00000|100%| O|  |TAMS 0x0000000783a00000| PB 0x0000000783800000| Untracked |  0
| 510|0x0000000783a00000, 0x0000000783c00000, 0x0000000783c00000|100%| O|  |TAMS 0x0000000783c00000| PB 0x0000000783a00000| Untracked |  0
| 511|0x0000000783c00000, 0x0000000783e00000, 0x0000000783e00000|100%| O|  |TAMS 0x0000000783e00000| PB 0x0000000783c00000| Untracked |  0
| 512|0x0000000783e00000, 0x0000000784000000, 0x0000000784000000|100%| O|  |TAMS 0x0000000784000000| PB 0x0000000783e00000| Untracked |  0
| 513|0x0000000784000000, 0x0000000784200000, 0x0000000784200000|100%| O|  |TAMS 0x0000000784200000| PB 0x0000000784000000| Untracked |  0
| 514|0x0000000784200000, 0x0000000784400000, 0x0000000784400000|100%| O|  |TAMS 0x0000000784400000| PB 0x0000000784200000| Untracked |  0
| 515|0x0000000784400000, 0x0000000784600000, 0x0000000784600000|100%| O|  |TAMS 0x0000000784600000| PB 0x0000000784400000| Untracked |  0
| 516|0x0000000784600000, 0x0000000784800000, 0x0000000784800000|100%| O|  |TAMS 0x0000000784800000| PB 0x0000000784600000| Untracked |  0
| 517|0x0000000784800000, 0x0000000784a00000, 0x0000000784a00000|100%| O|  |TAMS 0x0000000784a00000| PB 0x0000000784800000| Untracked |  0
| 518|0x0000000784a00000, 0x0000000784c00000, 0x0000000784c00000|100%| O|  |TAMS 0x0000000784c00000| PB 0x0000000784a00000| Untracked |  0
| 519|0x0000000784c00000, 0x0000000784e00000, 0x0000000784e00000|100%| O|  |TAMS 0x0000000784e00000| PB 0x0000000784c00000| Untracked |  0
| 520|0x0000000784e00000, 0x0000000785000000, 0x0000000785000000|100%| O|  |TAMS 0x0000000785000000| PB 0x0000000784e00000| Untracked |  0
| 521|0x0000000785000000, 0x0000000785200000, 0x0000000785200000|100%| O|  |TAMS 0x0000000785200000| PB 0x0000000785000000| Untracked |  0
| 522|0x0000000785200000, 0x0000000785400000, 0x0000000785400000|100%| O|  |TAMS 0x0000000785400000| PB 0x0000000785200000| Untracked |  0
| 523|0x0000000785400000, 0x0000000785600000, 0x0000000785600000|100%| O|  |TAMS 0x0000000785600000| PB 0x0000000785400000| Untracked |  0
| 524|0x0000000785600000, 0x0000000785800000, 0x0000000785800000|100%| O|  |TAMS 0x0000000785800000| PB 0x0000000785600000| Untracked |  0
| 525|0x0000000785800000, 0x0000000785a00000, 0x0000000785a00000|100%| O|  |TAMS 0x0000000785a00000| PB 0x0000000785800000| Untracked |  0
| 526|0x0000000785a00000, 0x0000000785c00000, 0x0000000785c00000|100%| O|  |TAMS 0x0000000785c00000| PB 0x0000000785a00000| Untracked |  0
| 527|0x0000000785c00000, 0x0000000785e00000, 0x0000000785e00000|100%| O|  |TAMS 0x0000000785e00000| PB 0x0000000785c00000| Untracked |  0
| 528|0x0000000785e00000, 0x0000000786000000, 0x0000000786000000|100%| O|  |TAMS 0x0000000786000000| PB 0x0000000785e00000| Untracked |  0
| 529|0x0000000786000000, 0x0000000786200000, 0x0000000786200000|100%| O|  |TAMS 0x0000000786200000| PB 0x0000000786000000| Untracked |  0
| 530|0x0000000786200000, 0x0000000786400000, 0x0000000786400000|100%| O|  |TAMS 0x0000000786400000| PB 0x0000000786200000| Untracked |  0
| 531|0x0000000786400000, 0x0000000786600000, 0x0000000786600000|100%| O|  |TAMS 0x0000000786600000| PB 0x0000000786400000| Untracked |  0
| 532|0x0000000786600000, 0x0000000786800000, 0x0000000786800000|100%| O|  |TAMS 0x0000000786800000| PB 0x0000000786600000| Untracked |  0
| 533|0x0000000786800000, 0x0000000786a00000, 0x0000000786a00000|100%| O|  |TAMS 0x0000000786a00000| PB 0x0000000786800000| Untracked |  0
| 534|0x0000000786a00000, 0x0000000786c00000, 0x0000000786c00000|100%| O|  |TAMS 0x0000000786c00000| PB 0x0000000786a00000| Untracked |  0
| 535|0x0000000786c00000, 0x0000000786e00000, 0x0000000786e00000|100%| O|  |TAMS 0x0000000786e00000| PB 0x0000000786c00000| Untracked |  0
| 536|0x0000000786e00000, 0x0000000787000000, 0x0000000787000000|100%| O|  |TAMS 0x0000000787000000| PB 0x0000000786e00000| Untracked |  0
| 537|0x0000000787000000, 0x0000000787200000, 0x0000000787200000|100%| O|  |TAMS 0x0000000787200000| PB 0x0000000787000000| Untracked |  0
| 538|0x0000000787200000, 0x0000000787400000, 0x0000000787400000|100%| O|  |TAMS 0x0000000787400000| PB 0x0000000787200000| Untracked |  0
| 539|0x0000000787400000, 0x0000000787600000, 0x0000000787600000|100%| O|  |TAMS 0x0000000787600000| PB 0x0000000787400000| Untracked |  0
| 540|0x0000000787600000, 0x0000000787800000, 0x0000000787800000|100%| O|  |TAMS 0x0000000787800000| PB 0x0000000787600000| Untracked |  0
| 541|0x0000000787800000, 0x0000000787a00000, 0x0000000787a00000|100%| O|  |TAMS 0x0000000787a00000| PB 0x0000000787800000| Untracked |  0
| 542|0x0000000787a00000, 0x0000000787c00000, 0x0000000787c00000|100%| O|  |TAMS 0x0000000787c00000| PB 0x0000000787a00000| Untracked |  0
| 543|0x0000000787c00000, 0x0000000787e00000, 0x0000000787e00000|100%| O|  |TAMS 0x0000000787e00000| PB 0x0000000787c00000| Untracked |  0
| 544|0x0000000787e00000, 0x0000000788000000, 0x0000000788000000|100%| O|  |TAMS 0x0000000788000000| PB 0x0000000787e00000| Untracked |  0
| 545|0x0000000788000000, 0x0000000788200000, 0x0000000788200000|100%| O|  |TAMS 0x0000000788200000| PB 0x0000000788000000| Untracked |  0
| 546|0x0000000788200000, 0x0000000788400000, 0x0000000788400000|100%| O|  |TAMS 0x0000000788400000| PB 0x0000000788200000| Untracked |  0
| 547|0x0000000788400000, 0x0000000788600000, 0x0000000788600000|100%| O|  |TAMS 0x0000000788600000| PB 0x0000000788400000| Untracked |  0
| 548|0x0000000788600000, 0x0000000788800000, 0x0000000788800000|100%| O|  |TAMS 0x0000000788800000| PB 0x0000000788600000| Untracked |  0
| 549|0x0000000788800000, 0x0000000788a00000, 0x0000000788a00000|100%| O|  |TAMS 0x0000000788a00000| PB 0x0000000788800000| Untracked |  0
| 550|0x0000000788a00000, 0x0000000788c00000, 0x0000000788c00000|100%|HS|  |TAMS 0x0000000788c00000| PB 0x0000000788a00000| Complete |  0
| 551|0x0000000788c00000, 0x0000000788e00000, 0x0000000788e00000|100%|HC|  |TAMS 0x0000000788e00000| PB 0x0000000788c00000| Complete |  0
| 552|0x0000000788e00000, 0x0000000789000000, 0x0000000789000000|100%|HC|  |TAMS 0x0000000789000000| PB 0x0000000788e00000| Complete |  0
| 553|0x0000000789000000, 0x0000000789200000, 0x0000000789200000|100%|HC|  |TAMS 0x0000000789200000| PB 0x0000000789000000| Complete |  0
| 554|0x0000000789200000, 0x0000000789400000, 0x0000000789400000|100%|HC|  |TAMS 0x0000000789400000| PB 0x0000000789200000| Complete |  0
| 555|0x0000000789400000, 0x0000000789600000, 0x0000000789600000|100%|HC|  |TAMS 0x0000000789600000| PB 0x0000000789400000| Complete |  0
| 556|0x0000000789600000, 0x0000000789800000, 0x0000000789800000|100%|HC|  |TAMS 0x0000000789800000| PB 0x0000000789600000| Complete |  0
| 557|0x0000000789800000, 0x0000000789a00000, 0x0000000789a00000|100%|HC|  |TAMS 0x0000000789a00000| PB 0x0000000789800000| Complete |  0
| 558|0x0000000789a00000, 0x0000000789c00000, 0x0000000789c00000|100%|HC|  |TAMS 0x0000000789c00000| PB 0x0000000789a00000| Complete |  0
| 559|0x0000000789c00000, 0x0000000789e00000, 0x0000000789e00000|100%|HC|  |TAMS 0x0000000789e00000| PB 0x0000000789c00000| Complete |  0
| 560|0x0000000789e00000, 0x000000078a000000, 0x000000078a000000|100%|HC|  |TAMS 0x000000078a000000| PB 0x0000000789e00000| Complete |  0
| 561|0x000000078a000000, 0x000000078a200000, 0x000000078a200000|100%|HC|  |TAMS 0x000000078a200000| PB 0x000000078a000000| Complete |  0
| 562|0x000000078a200000, 0x000000078a400000, 0x000000078a400000|100%|HS|  |TAMS 0x000000078a400000| PB 0x000000078a200000| Complete |  0
| 563|0x000000078a400000, 0x000000078a600000, 0x000000078a600000|100%|HC|  |TAMS 0x000000078a600000| PB 0x000000078a400000| Complete |  0
| 564|0x000000078a600000, 0x000000078a800000, 0x000000078a800000|100%|HC|  |TAMS 0x000000078a800000| PB 0x000000078a600000| Complete |  0
| 565|0x000000078a800000, 0x000000078aa00000, 0x000000078aa00000|100%|HS|  |TAMS 0x000000078aa00000| PB 0x000000078a800000| Complete |  0
| 566|0x000000078aa00000, 0x000000078ac00000, 0x000000078ac00000|100%|HC|  |TAMS 0x000000078ac00000| PB 0x000000078aa00000| Complete |  0
| 567|0x000000078ac00000, 0x000000078ae00000, 0x000000078ae00000|100%|HC|  |TAMS 0x000000078ae00000| PB 0x000000078ac00000| Complete |  0
| 568|0x000000078ae00000, 0x000000078b000000, 0x000000078b000000|100%|HC|  |TAMS 0x000000078b000000| PB 0x000000078ae00000| Complete |  0
| 569|0x000000078b000000, 0x000000078b200000, 0x000000078b200000|100%|HS|  |TAMS 0x000000078b200000| PB 0x000000078b000000| Complete |  0
| 570|0x000000078b200000, 0x000000078b400000, 0x000000078b400000|100%|HC|  |TAMS 0x000000078b400000| PB 0x000000078b200000| Complete |  0
| 571|0x000000078b400000, 0x000000078b600000, 0x000000078b600000|100%|HC|  |TAMS 0x000000078b600000| PB 0x000000078b400000| Complete |  0
| 572|0x000000078b600000, 0x000000078b800000, 0x000000078b800000|100%|HC|  |TAMS 0x000000078b800000| PB 0x000000078b600000| Complete |  0
| 573|0x000000078b800000, 0x000000078ba00000, 0x000000078ba00000|100%|HC|  |TAMS 0x000000078ba00000| PB 0x000000078b800000| Complete |  0
| 574|0x000000078ba00000, 0x000000078bc00000, 0x000000078bc00000|100%|HC|  |TAMS 0x000000078bc00000| PB 0x000000078ba00000| Complete |  0
| 575|0x000000078bc00000, 0x000000078be00000, 0x000000078be00000|100%|HS|  |TAMS 0x000000078be00000| PB 0x000000078bc00000| Complete |  0
| 576|0x000000078be00000, 0x000000078c000000, 0x000000078c000000|100%|HC|  |TAMS 0x000000078c000000| PB 0x000000078be00000| Complete |  0
| 577|0x000000078c000000, 0x000000078c200000, 0x000000078c200000|100%|HC|  |TAMS 0x000000078c200000| PB 0x000000078c000000| Complete |  0
| 578|0x000000078c200000, 0x000000078c400000, 0x000000078c400000|100%|HC|  |TAMS 0x000000078c400000| PB 0x000000078c200000| Complete |  0
| 579|0x000000078c400000, 0x000000078c600000, 0x000000078c600000|100%|HC|  |TAMS 0x000000078c600000| PB 0x000000078c400000| Complete |  0
| 580|0x000000078c600000, 0x000000078c800000, 0x000000078c800000|100%|HC|  |TAMS 0x000000078c800000| PB 0x000000078c600000| Complete |  0
| 581|0x000000078c800000, 0x000000078ca00000, 0x000000078ca00000|100%|HC|  |TAMS 0x000000078ca00000| PB 0x000000078c800000| Complete |  0
| 582|0x000000078ca00000, 0x000000078cc00000, 0x000000078cc00000|100%|HC|  |TAMS 0x000000078cc00000| PB 0x000000078ca00000| Complete |  0
| 583|0x000000078cc00000, 0x000000078ce00000, 0x000000078ce00000|100%|HS|  |TAMS 0x000000078ce00000| PB 0x000000078cc00000| Complete |  0
| 584|0x000000078ce00000, 0x000000078d000000, 0x000000078d000000|100%|HC|  |TAMS 0x000000078d000000| PB 0x000000078ce00000| Complete |  0
| 585|0x000000078d000000, 0x000000078d200000, 0x000000078d200000|100%|HC|  |TAMS 0x000000078d200000| PB 0x000000078d000000| Complete |  0
| 586|0x000000078d200000, 0x000000078d400000, 0x000000078d400000|100%|HC|  |TAMS 0x000000078d400000| PB 0x000000078d200000| Complete |  0
| 587|0x000000078d400000, 0x000000078d600000, 0x000000078d600000|100%|HC|  |TAMS 0x000000078d600000| PB 0x000000078d400000| Complete |  0
| 588|0x000000078d600000, 0x000000078d800000, 0x000000078d800000|100%|HC|  |TAMS 0x000000078d800000| PB 0x000000078d600000| Complete |  0
| 589|0x000000078d800000, 0x000000078da00000, 0x000000078da00000|100%|HC|  |TAMS 0x000000078da00000| PB 0x000000078d800000| Complete |  0
| 590|0x000000078da00000, 0x000000078dc00000, 0x000000078dc00000|100%|HC|  |TAMS 0x000000078dc00000| PB 0x000000078da00000| Complete |  0
| 591|0x000000078dc00000, 0x000000078de00000, 0x000000078de00000|100%|HC|  |TAMS 0x000000078de00000| PB 0x000000078dc00000| Complete |  0
| 592|0x000000078de00000, 0x000000078e000000, 0x000000078e000000|100%|HC|  |TAMS 0x000000078e000000| PB 0x000000078de00000| Complete |  0
| 593|0x000000078e000000, 0x000000078e200000, 0x000000078e200000|100%|HC|  |TAMS 0x000000078e200000| PB 0x000000078e000000| Complete |  0
| 594|0x000000078e200000, 0x000000078e400000, 0x000000078e400000|100%|HC|  |TAMS 0x000000078e400000| PB 0x000000078e200000| Complete |  0
| 595|0x000000078e400000, 0x000000078e600000, 0x000000078e600000|100%|HS|  |TAMS 0x000000078e600000| PB 0x000000078e400000| Complete |  0
| 596|0x000000078e600000, 0x000000078e800000, 0x000000078e800000|100%|HC|  |TAMS 0x000000078e800000| PB 0x000000078e600000| Complete |  0
| 597|0x000000078e800000, 0x000000078ea00000, 0x000000078ea00000|100%|HS|  |TAMS 0x000000078ea00000| PB 0x000000078e800000| Complete |  0
| 598|0x000000078ea00000, 0x000000078ec00000, 0x000000078ec00000|100%|HC|  |TAMS 0x000000078ec00000| PB 0x000000078ea00000| Complete |  0
| 599|0x000000078ec00000, 0x000000078ee00000, 0x000000078ee00000|100%|HS|  |TAMS 0x000000078ee00000| PB 0x000000078ec00000| Complete |  0
| 600|0x000000078ee00000, 0x000000078f000000, 0x000000078f000000|100%|HC|  |TAMS 0x000000078f000000| PB 0x000000078ee00000| Complete |  0
| 601|0x000000078f000000, 0x000000078f200000, 0x000000078f200000|100%|HC|  |TAMS 0x000000078f200000| PB 0x000000078f000000| Complete |  0
| 602|0x000000078f200000, 0x000000078f400000, 0x000000078f400000|100%|HS|  |TAMS 0x000000078f400000| PB 0x000000078f200000| Complete |  0
| 603|0x000000078f400000, 0x000000078f600000, 0x000000078f600000|100%|HC|  |TAMS 0x000000078f600000| PB 0x000000078f400000| Complete |  0
| 604|0x000000078f600000, 0x000000078f800000, 0x000000078f800000|100%|HC|  |TAMS 0x000000078f800000| PB 0x000000078f600000| Complete |  0
| 605|0x000000078f800000, 0x000000078fa00000, 0x000000078fa00000|100%|HC|  |TAMS 0x000000078fa00000| PB 0x000000078f800000| Complete |  0
| 606|0x000000078fa00000, 0x000000078fc00000, 0x000000078fc00000|100%| O|  |TAMS 0x000000078fc00000| PB 0x000000078fa00000| Untracked |  0
| 607|0x000000078fc00000, 0x000000078fe00000, 0x000000078fe00000|100%| O|  |TAMS 0x000000078fe00000| PB 0x000000078fc00000| Untracked |  0
| 608|0x000000078fe00000, 0x0000000790000000, 0x0000000790000000|100%| O|  |TAMS 0x0000000790000000| PB 0x000000078fe00000| Untracked |  0
| 609|0x0000000790000000, 0x0000000790200000, 0x0000000790200000|100%| O|  |TAMS 0x0000000790200000| PB 0x0000000790000000| Untracked |  0
| 610|0x0000000790200000, 0x0000000790400000, 0x0000000790400000|100%| O|  |TAMS 0x0000000790400000| PB 0x0000000790200000| Untracked |  0
| 611|0x0000000790400000, 0x0000000790600000, 0x0000000790600000|100%| O|  |TAMS 0x0000000790600000| PB 0x0000000790400000| Untracked |  0
| 612|0x0000000790600000, 0x0000000790800000, 0x0000000790800000|100%| O|  |TAMS 0x0000000790800000| PB 0x0000000790600000| Untracked |  0
| 613|0x0000000790800000, 0x0000000790a00000, 0x0000000790a00000|100%| O|  |TAMS 0x0000000790a00000| PB 0x0000000790800000| Untracked |  0
| 614|0x0000000790a00000, 0x0000000790c00000, 0x0000000790c00000|100%| O|  |TAMS 0x0000000790c00000| PB 0x0000000790a00000| Untracked |  0
| 615|0x0000000790c00000, 0x0000000790e00000, 0x0000000790e00000|100%| O|  |TAMS 0x0000000790e00000| PB 0x0000000790c00000| Untracked |  0
| 616|0x0000000790e00000, 0x0000000791000000, 0x0000000791000000|100%| O|  |TAMS 0x0000000791000000| PB 0x0000000790e00000| Untracked |  0
| 617|0x0000000791000000, 0x0000000791200000, 0x0000000791200000|100%| O|  |TAMS 0x0000000791200000| PB 0x0000000791000000| Untracked |  0
| 618|0x0000000791200000, 0x0000000791400000, 0x0000000791400000|100%| O|  |TAMS 0x0000000791400000| PB 0x0000000791200000| Untracked |  0
| 619|0x0000000791400000, 0x0000000791600000, 0x0000000791600000|100%| O|  |TAMS 0x0000000791600000| PB 0x0000000791400000| Untracked |  0
| 620|0x0000000791600000, 0x0000000791800000, 0x0000000791800000|100%| O|  |TAMS 0x0000000791800000| PB 0x0000000791600000| Untracked |  0
| 621|0x0000000791800000, 0x0000000791a00000, 0x0000000791a00000|100%| O|  |TAMS 0x0000000791a00000| PB 0x0000000791800000| Untracked |  0
| 622|0x0000000791a00000, 0x0000000791c00000, 0x0000000791c00000|100%| O|  |TAMS 0x0000000791c00000| PB 0x0000000791a00000| Untracked |  0
| 623|0x0000000791c00000, 0x0000000791e00000, 0x0000000791e00000|100%| O|  |TAMS 0x0000000791e00000| PB 0x0000000791c00000| Untracked |  0
| 624|0x0000000791e00000, 0x0000000792000000, 0x0000000792000000|100%| O|  |TAMS 0x0000000792000000| PB 0x0000000791e00000| Untracked |  0
| 625|0x0000000792000000, 0x0000000792200000, 0x0000000792200000|100%| O|  |TAMS 0x0000000792200000| PB 0x0000000792000000| Untracked |  0
| 626|0x0000000792200000, 0x0000000792400000, 0x0000000792400000|100%| O|  |TAMS 0x0000000792400000| PB 0x0000000792200000| Untracked |  0
| 627|0x0000000792400000, 0x0000000792600000, 0x0000000792600000|100%| O|  |TAMS 0x0000000792600000| PB 0x0000000792400000| Untracked |  0
| 628|0x0000000792600000, 0x0000000792800000, 0x0000000792800000|100%| O|  |TAMS 0x0000000792800000| PB 0x0000000792600000| Untracked |  0
| 629|0x0000000792800000, 0x0000000792a00000, 0x0000000792a00000|100%| O|  |TAMS 0x0000000792a00000| PB 0x0000000792800000| Untracked |  0
| 630|0x0000000792a00000, 0x0000000792c00000, 0x0000000792c00000|100%| O|  |TAMS 0x0000000792c00000| PB 0x0000000792a00000| Untracked |  0
| 631|0x0000000792c00000, 0x0000000792e00000, 0x0000000792e00000|100%| O|  |TAMS 0x0000000792e00000| PB 0x0000000792c00000| Untracked |  0
| 632|0x0000000792e00000, 0x0000000793000000, 0x0000000793000000|100%| O|  |TAMS 0x0000000793000000| PB 0x0000000792e00000| Untracked |  0
| 633|0x0000000793000000, 0x0000000793200000, 0x0000000793200000|100%| O|  |TAMS 0x0000000793200000| PB 0x0000000793000000| Untracked |  0
| 634|0x0000000793200000, 0x0000000793400000, 0x0000000793400000|100%| O|  |TAMS 0x0000000793400000| PB 0x0000000793200000| Untracked |  0
| 635|0x0000000793400000, 0x0000000793600000, 0x0000000793600000|100%| O|  |TAMS 0x0000000793600000| PB 0x0000000793400000| Untracked |  0
| 636|0x0000000793600000, 0x0000000793800000, 0x0000000793800000|100%| O|  |TAMS 0x0000000793800000| PB 0x0000000793600000| Untracked |  0
| 637|0x0000000793800000, 0x0000000793a00000, 0x0000000793a00000|100%| O|  |TAMS 0x0000000793a00000| PB 0x0000000793800000| Untracked |  0
| 638|0x0000000793a00000, 0x0000000793c00000, 0x0000000793c00000|100%| O|  |TAMS 0x0000000793c00000| PB 0x0000000793a00000| Untracked |  0
| 639|0x0000000793c00000, 0x0000000793e00000, 0x0000000793e00000|100%| O|  |TAMS 0x0000000793e00000| PB 0x0000000793c00000| Untracked |  0
| 640|0x0000000793e00000, 0x0000000794000000, 0x0000000794000000|100%| O|  |TAMS 0x0000000794000000| PB 0x0000000793e00000| Untracked |  0
| 641|0x0000000794000000, 0x0000000794200000, 0x0000000794200000|100%| O|  |TAMS 0x0000000794200000| PB 0x0000000794000000| Untracked |  0
| 642|0x0000000794200000, 0x0000000794400000, 0x0000000794400000|100%| O|  |TAMS 0x0000000794400000| PB 0x0000000794200000| Untracked |  0
| 643|0x0000000794400000, 0x0000000794600000, 0x0000000794600000|100%| O|  |TAMS 0x0000000794600000| PB 0x0000000794400000| Untracked |  0
| 644|0x0000000794600000, 0x0000000794800000, 0x0000000794800000|100%| O|  |TAMS 0x0000000794800000| PB 0x0000000794600000| Untracked |  0
| 645|0x0000000794800000, 0x0000000794a00000, 0x0000000794a00000|100%| O|  |TAMS 0x0000000794a00000| PB 0x0000000794800000| Untracked |  0
| 646|0x0000000794a00000, 0x0000000794c00000, 0x0000000794c00000|100%| O|  |TAMS 0x0000000794c00000| PB 0x0000000794a00000| Untracked |  0
| 647|0x0000000794c00000, 0x0000000794e00000, 0x0000000794e00000|100%| O|  |TAMS 0x0000000794e00000| PB 0x0000000794c00000| Untracked |  0
| 648|0x0000000794e00000, 0x0000000795000000, 0x0000000795000000|100%| O|  |TAMS 0x0000000795000000| PB 0x0000000794e00000| Untracked |  0
| 649|0x0000000795000000, 0x0000000795200000, 0x0000000795200000|100%| O|  |TAMS 0x0000000795200000| PB 0x0000000795000000| Untracked |  0
| 650|0x0000000795200000, 0x0000000795400000, 0x0000000795400000|100%| O|  |TAMS 0x0000000795400000| PB 0x0000000795200000| Untracked |  0
| 651|0x0000000795400000, 0x0000000795600000, 0x0000000795600000|100%| O|  |TAMS 0x0000000795600000| PB 0x0000000795400000| Untracked |  0
| 652|0x0000000795600000, 0x0000000795800000, 0x0000000795800000|100%| O|  |TAMS 0x0000000795800000| PB 0x0000000795600000| Untracked |  0
| 653|0x0000000795800000, 0x0000000795a00000, 0x0000000795a00000|100%| O|  |TAMS 0x0000000795a00000| PB 0x0000000795800000| Untracked |  0
| 654|0x0000000795a00000, 0x0000000795c00000, 0x0000000795c00000|100%| O|  |TAMS 0x0000000795c00000| PB 0x0000000795a00000| Untracked |  0
| 655|0x0000000795c00000, 0x0000000795e00000, 0x0000000795e00000|100%| O|  |TAMS 0x0000000795e00000| PB 0x0000000795c00000| Untracked |  0
| 656|0x0000000795e00000, 0x0000000796000000, 0x0000000796000000|100%| O|  |TAMS 0x0000000796000000| PB 0x0000000795e00000| Untracked |  0
| 657|0x0000000796000000, 0x0000000796200000, 0x0000000796200000|100%| O|  |TAMS 0x0000000796200000| PB 0x0000000796000000| Untracked |  0
| 658|0x0000000796200000, 0x0000000796400000, 0x0000000796400000|100%| O|  |TAMS 0x0000000796400000| PB 0x0000000796200000| Untracked |  0
| 659|0x0000000796400000, 0x0000000796600000, 0x0000000796600000|100%| O|  |TAMS 0x0000000796600000| PB 0x0000000796400000| Untracked |  0
| 660|0x0000000796600000, 0x0000000796800000, 0x0000000796800000|100%| O|  |TAMS 0x0000000796800000| PB 0x0000000796600000| Untracked |  0
| 661|0x0000000796800000, 0x0000000796a00000, 0x0000000796a00000|100%| O|  |TAMS 0x0000000796a00000| PB 0x0000000796800000| Untracked |  0
| 662|0x0000000796a00000, 0x0000000796c00000, 0x0000000796c00000|100%| O|  |TAMS 0x0000000796c00000| PB 0x0000000796a00000| Untracked |  0
| 663|0x0000000796c00000, 0x0000000796e00000, 0x0000000796e00000|100%| O|  |TAMS 0x0000000796e00000| PB 0x0000000796c00000| Untracked |  0
| 664|0x0000000796e00000, 0x0000000797000000, 0x0000000797000000|100%| O|  |TAMS 0x0000000797000000| PB 0x0000000796e00000| Untracked |  0
| 665|0x0000000797000000, 0x0000000797200000, 0x0000000797200000|100%| O|  |TAMS 0x0000000797200000| PB 0x0000000797000000| Untracked |  0
| 666|0x0000000797200000, 0x0000000797400000, 0x0000000797400000|100%| O|  |TAMS 0x0000000797400000| PB 0x0000000797200000| Untracked |  0
| 667|0x0000000797400000, 0x0000000797600000, 0x0000000797600000|100%| O|  |TAMS 0x0000000797600000| PB 0x0000000797400000| Untracked |  0
| 668|0x0000000797600000, 0x0000000797800000, 0x0000000797800000|100%| O|  |TAMS 0x0000000797800000| PB 0x0000000797600000| Untracked |  0
| 669|0x0000000797800000, 0x0000000797a00000, 0x0000000797a00000|100%| O|  |TAMS 0x0000000797a00000| PB 0x0000000797800000| Untracked |  0
| 670|0x0000000797a00000, 0x0000000797c00000, 0x0000000797c00000|100%| O|  |TAMS 0x0000000797c00000| PB 0x0000000797a00000| Untracked |  0
| 671|0x0000000797c00000, 0x0000000797e00000, 0x0000000797e00000|100%| O|  |TAMS 0x0000000797e00000| PB 0x0000000797c00000| Untracked |  0
| 672|0x0000000797e00000, 0x0000000798000000, 0x0000000798000000|100%| O|  |TAMS 0x0000000798000000| PB 0x0000000797e00000| Untracked |  0
| 673|0x0000000798000000, 0x0000000798200000, 0x0000000798200000|100%| O|  |TAMS 0x0000000798200000| PB 0x0000000798000000| Untracked |  0
| 674|0x0000000798200000, 0x0000000798400000, 0x0000000798400000|100%| O|  |TAMS 0x0000000798400000| PB 0x0000000798200000| Untracked |  0
| 675|0x0000000798400000, 0x0000000798600000, 0x0000000798600000|100%| O|  |TAMS 0x0000000798600000| PB 0x0000000798400000| Untracked |  0
| 676|0x0000000798600000, 0x0000000798800000, 0x0000000798800000|100%| O|  |TAMS 0x0000000798800000| PB 0x0000000798600000| Untracked |  0
| 677|0x0000000798800000, 0x0000000798a00000, 0x0000000798a00000|100%| O|  |TAMS 0x0000000798a00000| PB 0x0000000798800000| Untracked |  0
| 678|0x0000000798a00000, 0x0000000798c00000, 0x0000000798c00000|100%| O|  |TAMS 0x0000000798c00000| PB 0x0000000798a00000| Untracked |  0
| 679|0x0000000798c00000, 0x0000000798e00000, 0x0000000798e00000|100%| O|  |TAMS 0x0000000798e00000| PB 0x0000000798c00000| Untracked |  0
| 680|0x0000000798e00000, 0x0000000799000000, 0x0000000799000000|100%| O|  |TAMS 0x0000000799000000| PB 0x0000000798e00000| Untracked |  0
| 681|0x0000000799000000, 0x0000000799200000, 0x0000000799200000|100%| O|  |TAMS 0x0000000799200000| PB 0x0000000799000000| Untracked |  0
| 682|0x0000000799200000, 0x0000000799400000, 0x0000000799400000|100%| O|  |TAMS 0x0000000799400000| PB 0x0000000799200000| Untracked |  0
| 683|0x0000000799400000, 0x0000000799600000, 0x0000000799600000|100%| O|  |TAMS 0x0000000799600000| PB 0x0000000799400000| Untracked |  0
| 684|0x0000000799600000, 0x0000000799800000, 0x0000000799800000|100%| O|  |TAMS 0x0000000799800000| PB 0x0000000799600000| Untracked |  0
| 685|0x0000000799800000, 0x0000000799a00000, 0x0000000799a00000|100%| O|  |TAMS 0x0000000799a00000| PB 0x0000000799800000| Untracked |  0
| 686|0x0000000799a00000, 0x0000000799c00000, 0x0000000799c00000|100%| O|  |TAMS 0x0000000799c00000| PB 0x0000000799a00000| Untracked |  0
| 687|0x0000000799c00000, 0x0000000799e00000, 0x0000000799e00000|100%| O|  |TAMS 0x0000000799e00000| PB 0x0000000799c00000| Untracked |  0
| 688|0x0000000799e00000, 0x000000079a000000, 0x000000079a000000|100%| O|  |TAMS 0x000000079a000000| PB 0x0000000799e00000| Untracked |  0
| 689|0x000000079a000000, 0x000000079a200000, 0x000000079a200000|100%| O|  |TAMS 0x000000079a200000| PB 0x000000079a000000| Untracked |  0
| 690|0x000000079a200000, 0x000000079a400000, 0x000000079a400000|100%| O|  |TAMS 0x000000079a400000| PB 0x000000079a200000| Untracked |  0
| 691|0x000000079a400000, 0x000000079a600000, 0x000000079a600000|100%| O|  |TAMS 0x000000079a600000| PB 0x000000079a400000| Untracked |  0
| 692|0x000000079a600000, 0x000000079a800000, 0x000000079a800000|100%| O|  |TAMS 0x000000079a800000| PB 0x000000079a600000| Untracked |  0
| 693|0x000000079a800000, 0x000000079aa00000, 0x000000079aa00000|100%| O|  |TAMS 0x000000079aa00000| PB 0x000000079a800000| Untracked |  0
| 694|0x000000079aa00000, 0x000000079ac00000, 0x000000079ac00000|100%| O|  |TAMS 0x000000079ac00000| PB 0x000000079aa00000| Untracked |  0
| 695|0x000000079ac00000, 0x000000079ae00000, 0x000000079ae00000|100%| O|  |TAMS 0x000000079ae00000| PB 0x000000079ac00000| Untracked |  0
| 696|0x000000079ae00000, 0x000000079b000000, 0x000000079b000000|100%|HS|  |TAMS 0x000000079b000000| PB 0x000000079ae00000| Complete |  0
| 697|0x000000079b000000, 0x000000079b200000, 0x000000079b200000|100%|HC|  |TAMS 0x000000079b200000| PB 0x000000079b000000| Complete |  0
| 698|0x000000079b200000, 0x000000079b400000, 0x000000079b400000|100%|HC|  |TAMS 0x000000079b400000| PB 0x000000079b200000| Complete |  0
| 699|0x000000079b400000, 0x000000079b600000, 0x000000079b600000|100%|HC|  |TAMS 0x000000079b600000| PB 0x000000079b400000| Complete |  0
| 700|0x000000079b600000, 0x000000079b800000, 0x000000079b800000|100%|HC|  |TAMS 0x000000079b800000| PB 0x000000079b600000| Complete |  0
| 701|0x000000079b800000, 0x000000079ba00000, 0x000000079ba00000|100%|HC|  |TAMS 0x000000079ba00000| PB 0x000000079b800000| Complete |  0
| 702|0x000000079ba00000, 0x000000079bc00000, 0x000000079bc00000|100%|HS|  |TAMS 0x000000079bc00000| PB 0x000000079ba00000| Complete |  0
| 703|0x000000079bc00000, 0x000000079be00000, 0x000000079be00000|100%|HC|  |TAMS 0x000000079be00000| PB 0x000000079bc00000| Complete |  0
| 704|0x000000079be00000, 0x000000079c000000, 0x000000079c000000|100%|HC|  |TAMS 0x000000079c000000| PB 0x000000079be00000| Complete |  0
| 705|0x000000079c000000, 0x000000079c200000, 0x000000079c200000|100%|HC|  |TAMS 0x000000079c200000| PB 0x000000079c000000| Complete |  0
| 706|0x000000079c200000, 0x000000079c400000, 0x000000079c400000|100%|HC|  |TAMS 0x000000079c400000| PB 0x000000079c200000| Complete |  0
| 707|0x000000079c400000, 0x000000079c600000, 0x000000079c600000|100%|HC|  |TAMS 0x000000079c600000| PB 0x000000079c400000| Complete |  0
| 708|0x000000079c600000, 0x000000079c800000, 0x000000079c800000|100%|HC|  |TAMS 0x000000079c800000| PB 0x000000079c600000| Complete |  0
| 709|0x000000079c800000, 0x000000079ca00000, 0x000000079ca00000|100%|HC|  |TAMS 0x000000079ca00000| PB 0x000000079c800000| Complete |  0
| 710|0x000000079ca00000, 0x000000079cc00000, 0x000000079cc00000|100%|HS|  |TAMS 0x000000079cc00000| PB 0x000000079ca00000| Complete |  0
| 711|0x000000079cc00000, 0x000000079ce00000, 0x000000079ce00000|100%|HC|  |TAMS 0x000000079ce00000| PB 0x000000079cc00000| Complete |  0
| 712|0x000000079ce00000, 0x000000079d000000, 0x000000079d000000|100%|HC|  |TAMS 0x000000079d000000| PB 0x000000079ce00000| Complete |  0
| 713|0x000000079d000000, 0x000000079d200000, 0x000000079d200000|100%|HC|  |TAMS 0x000000079d200000| PB 0x000000079d000000| Complete |  0
| 714|0x000000079d200000, 0x000000079d400000, 0x000000079d400000|100%|HC|  |TAMS 0x000000079d400000| PB 0x000000079d200000| Complete |  0
| 715|0x000000079d400000, 0x000000079d600000, 0x000000079d600000|100%|HC|  |TAMS 0x000000079d600000| PB 0x000000079d400000| Complete |  0
| 716|0x000000079d600000, 0x000000079d800000, 0x000000079d800000|100%|HC|  |TAMS 0x000000079d800000| PB 0x000000079d600000| Complete |  0
| 717|0x000000079d800000, 0x000000079da00000, 0x000000079da00000|100%|HC|  |TAMS 0x000000079da00000| PB 0x000000079d800000| Complete |  0
| 718|0x000000079da00000, 0x000000079dc00000, 0x000000079dc00000|100%|HC|  |TAMS 0x000000079dc00000| PB 0x000000079da00000| Complete |  0
| 719|0x000000079dc00000, 0x000000079de00000, 0x000000079de00000|100%|HC|  |TAMS 0x000000079de00000| PB 0x000000079dc00000| Complete |  0
| 720|0x000000079de00000, 0x000000079e000000, 0x000000079e000000|100%|HC|  |TAMS 0x000000079e000000| PB 0x000000079de00000| Complete |  0
| 721|0x000000079e000000, 0x000000079e200000, 0x000000079e200000|100%|HC|  |TAMS 0x000000079e200000| PB 0x000000079e000000| Complete |  0
| 722|0x000000079e200000, 0x000000079e400000, 0x000000079e400000|100%|HS|  |TAMS 0x000000079e400000| PB 0x000000079e200000| Complete |  0
| 723|0x000000079e400000, 0x000000079e600000, 0x000000079e600000|100%|HC|  |TAMS 0x000000079e600000| PB 0x000000079e400000| Complete |  0
| 724|0x000000079e600000, 0x000000079e800000, 0x000000079e800000|100%|HS|  |TAMS 0x000000079e800000| PB 0x000000079e600000| Complete |  0
| 725|0x000000079e800000, 0x000000079ea00000, 0x000000079ea00000|100%|HC|  |TAMS 0x000000079ea00000| PB 0x000000079e800000| Complete |  0
| 726|0x000000079ea00000, 0x000000079ec00000, 0x000000079ec00000|100%|HS|  |TAMS 0x000000079ec00000| PB 0x000000079ea00000| Complete |  0
| 727|0x000000079ec00000, 0x000000079ee00000, 0x000000079ee00000|100%|HC|  |TAMS 0x000000079ee00000| PB 0x000000079ec00000| Complete |  0
| 728|0x000000079ee00000, 0x000000079f000000, 0x000000079f000000|100%|HC|  |TAMS 0x000000079f000000| PB 0x000000079ee00000| Complete |  0
| 729|0x000000079f000000, 0x000000079f200000, 0x000000079f200000|100%|HS|  |TAMS 0x000000079f200000| PB 0x000000079f000000| Complete |  0
| 730|0x000000079f200000, 0x000000079f400000, 0x000000079f400000|100%|HC|  |TAMS 0x000000079f400000| PB 0x000000079f200000| Complete |  0
| 731|0x000000079f400000, 0x000000079f600000, 0x000000079f600000|100%|HC|  |TAMS 0x000000079f600000| PB 0x000000079f400000| Complete |  0
| 732|0x000000079f600000, 0x000000079f800000, 0x000000079f800000|100%|HC|  |TAMS 0x000000079f800000| PB 0x000000079f600000| Complete |  0
| 733|0x000000079f800000, 0x000000079fa00000, 0x000000079fa00000|100%|HS|  |TAMS 0x000000079fa00000| PB 0x000000079f800000| Complete |  0
| 734|0x000000079fa00000, 0x000000079fc00000, 0x000000079fc00000|100%|HC|  |TAMS 0x000000079fc00000| PB 0x000000079fa00000| Complete |  0
| 735|0x000000079fc00000, 0x000000079fe00000, 0x000000079fe00000|100%|HC|  |TAMS 0x000000079fe00000| PB 0x000000079fc00000| Complete |  0
| 736|0x000000079fe00000, 0x00000007a0000000, 0x00000007a0000000|100%|HC|  |TAMS 0x00000007a0000000| PB 0x000000079fe00000| Complete |  0
| 737|0x00000007a0000000, 0x00000007a0200000, 0x00000007a0200000|100%|HC|  |TAMS 0x00000007a0200000| PB 0x00000007a0000000| Complete |  0
| 738|0x00000007a0200000, 0x00000007a0400000, 0x00000007a0400000|100%|HC|  |TAMS 0x00000007a0400000| PB 0x00000007a0200000| Complete |  0
| 739|0x00000007a0400000, 0x00000007a0600000, 0x00000007a0600000|100%| O|  |TAMS 0x00000007a0600000| PB 0x00000007a0400000| Untracked |  0
| 740|0x00000007a0600000, 0x00000007a0800000, 0x00000007a0800000|100%| O|  |TAMS 0x00000007a0800000| PB 0x00000007a0600000| Untracked |  0
| 741|0x00000007a0800000, 0x00000007a0a00000, 0x00000007a0a00000|100%| O|  |TAMS 0x00000007a0a00000| PB 0x00000007a0800000| Untracked |  0
| 742|0x00000007a0a00000, 0x00000007a0c00000, 0x00000007a0c00000|100%| O|  |TAMS 0x00000007a0c00000| PB 0x00000007a0a00000| Untracked |  0
| 743|0x00000007a0c00000, 0x00000007a0e00000, 0x00000007a0e00000|100%| O|  |TAMS 0x00000007a0e00000| PB 0x00000007a0c00000| Untracked |  0
| 744|0x00000007a0e00000, 0x00000007a1000000, 0x00000007a1000000|100%| O|  |TAMS 0x00000007a1000000| PB 0x00000007a0e00000| Untracked |  0
| 745|0x00000007a1000000, 0x00000007a1200000, 0x00000007a1200000|100%| O|  |TAMS 0x00000007a1200000| PB 0x00000007a1000000| Untracked |  0
| 746|0x00000007a1200000, 0x00000007a1400000, 0x00000007a1400000|100%| O|  |TAMS 0x00000007a1400000| PB 0x00000007a1200000| Untracked |  0
| 747|0x00000007a1400000, 0x00000007a1600000, 0x00000007a1600000|100%| O|  |TAMS 0x00000007a1600000| PB 0x00000007a1400000| Untracked |  0
| 748|0x00000007a1600000, 0x00000007a1800000, 0x00000007a1800000|100%| O|  |TAMS 0x00000007a1800000| PB 0x00000007a1600000| Untracked |  0
| 749|0x00000007a1800000, 0x00000007a1a00000, 0x00000007a1a00000|100%| O|  |TAMS 0x00000007a1a00000| PB 0x00000007a1800000| Untracked |  0
| 750|0x00000007a1a00000, 0x00000007a1c00000, 0x00000007a1c00000|100%| O|  |TAMS 0x00000007a1c00000| PB 0x00000007a1a00000| Untracked |  0
| 751|0x00000007a1c00000, 0x00000007a1e00000, 0x00000007a1e00000|100%| O|  |TAMS 0x00000007a1e00000| PB 0x00000007a1c00000| Untracked |  0
| 752|0x00000007a1e00000, 0x00000007a2000000, 0x00000007a2000000|100%| O|  |TAMS 0x00000007a2000000| PB 0x00000007a1e00000| Untracked |  0
| 753|0x00000007a2000000, 0x00000007a2200000, 0x00000007a2200000|100%| O|  |TAMS 0x00000007a2200000| PB 0x00000007a2000000| Untracked |  0
| 754|0x00000007a2200000, 0x00000007a2400000, 0x00000007a2400000|100%| O|  |TAMS 0x00000007a2400000| PB 0x00000007a2200000| Untracked |  0
| 755|0x00000007a2400000, 0x00000007a2600000, 0x00000007a2600000|100%| O|  |TAMS 0x00000007a2600000| PB 0x00000007a2400000| Untracked |  0
| 756|0x00000007a2600000, 0x00000007a2800000, 0x00000007a2800000|100%| O|  |TAMS 0x00000007a2800000| PB 0x00000007a2600000| Untracked |  0
| 757|0x00000007a2800000, 0x00000007a2a00000, 0x00000007a2a00000|100%| O|  |TAMS 0x00000007a2a00000| PB 0x00000007a2800000| Untracked |  0
| 758|0x00000007a2a00000, 0x00000007a2c00000, 0x00000007a2c00000|100%| O|  |TAMS 0x00000007a2c00000| PB 0x00000007a2a00000| Untracked |  0
| 759|0x00000007a2c00000, 0x00000007a2e00000, 0x00000007a2e00000|100%| O|  |TAMS 0x00000007a2e00000| PB 0x00000007a2c00000| Untracked |  0
| 760|0x00000007a2e00000, 0x00000007a3000000, 0x00000007a3000000|100%| O|  |TAMS 0x00000007a3000000| PB 0x00000007a2e00000| Untracked |  0
| 761|0x00000007a3000000, 0x00000007a3200000, 0x00000007a3200000|100%| O|  |TAMS 0x00000007a3200000| PB 0x00000007a3000000| Untracked |  0
| 762|0x00000007a3200000, 0x00000007a3400000, 0x00000007a3400000|100%| O|  |TAMS 0x00000007a3400000| PB 0x00000007a3200000| Untracked |  0
| 763|0x00000007a3400000, 0x00000007a3600000, 0x00000007a3600000|100%| O|  |TAMS 0x00000007a3600000| PB 0x00000007a3400000| Untracked |  0
| 764|0x00000007a3600000, 0x00000007a3800000, 0x00000007a3800000|100%| O|  |TAMS 0x00000007a3800000| PB 0x00000007a3600000| Untracked |  0
| 765|0x00000007a3800000, 0x00000007a3a00000, 0x00000007a3a00000|100%| O|  |TAMS 0x00000007a3a00000| PB 0x00000007a3800000| Untracked |  0
| 766|0x00000007a3a00000, 0x00000007a3c00000, 0x00000007a3c00000|100%| O|  |TAMS 0x00000007a3c00000| PB 0x00000007a3a00000| Untracked |  0
| 767|0x00000007a3c00000, 0x00000007a3e00000, 0x00000007a3e00000|100%| O|  |TAMS 0x00000007a3e00000| PB 0x00000007a3c00000| Untracked |  0
| 768|0x00000007a3e00000, 0x00000007a4000000, 0x00000007a4000000|100%| O|  |TAMS 0x00000007a4000000| PB 0x00000007a3e00000| Untracked |  0
| 769|0x00000007a4000000, 0x00000007a4200000, 0x00000007a4200000|100%| O|  |TAMS 0x00000007a4200000| PB 0x00000007a4000000| Untracked |  0
| 770|0x00000007a4200000, 0x00000007a4400000, 0x00000007a4400000|100%| O|  |TAMS 0x00000007a4400000| PB 0x00000007a4200000| Untracked |  0
| 771|0x00000007a4400000, 0x00000007a4600000, 0x00000007a4600000|100%| O|  |TAMS 0x00000007a4600000| PB 0x00000007a4400000| Untracked |  0
| 772|0x00000007a4600000, 0x00000007a4800000, 0x00000007a4800000|100%| O|  |TAMS 0x00000007a4800000| PB 0x00000007a4600000| Untracked |  0
| 773|0x00000007a4800000, 0x00000007a4a00000, 0x00000007a4a00000|100%| O|  |TAMS 0x00000007a4a00000| PB 0x00000007a4800000| Untracked |  0
| 774|0x00000007a4a00000, 0x00000007a4c00000, 0x00000007a4c00000|100%| O|  |TAMS 0x00000007a4c00000| PB 0x00000007a4a00000| Untracked |  0
| 775|0x00000007a4c00000, 0x00000007a4e00000, 0x00000007a4e00000|100%| O|  |TAMS 0x00000007a4e00000| PB 0x00000007a4c00000| Untracked |  0
| 776|0x00000007a4e00000, 0x00000007a5000000, 0x00000007a5000000|100%| O|  |TAMS 0x00000007a5000000| PB 0x00000007a4e00000| Untracked |  0
| 777|0x00000007a5000000, 0x00000007a5200000, 0x00000007a5200000|100%| O|  |TAMS 0x00000007a5200000| PB 0x00000007a5000000| Untracked |  0
| 778|0x00000007a5200000, 0x00000007a5400000, 0x00000007a5400000|100%| O|  |TAMS 0x00000007a5400000| PB 0x00000007a5200000| Untracked |  0
| 779|0x00000007a5400000, 0x00000007a5600000, 0x00000007a5600000|100%| O|  |TAMS 0x00000007a5600000| PB 0x00000007a5400000| Untracked |  0
| 780|0x00000007a5600000, 0x00000007a5800000, 0x00000007a5800000|100%| O|  |TAMS 0x00000007a5800000| PB 0x00000007a5600000| Untracked |  0
| 781|0x00000007a5800000, 0x00000007a5a00000, 0x00000007a5a00000|100%| O|  |TAMS 0x00000007a5a00000| PB 0x00000007a5800000| Untracked |  0
| 782|0x00000007a5a00000, 0x00000007a5c00000, 0x00000007a5c00000|100%| O|  |TAMS 0x00000007a5c00000| PB 0x00000007a5a00000| Untracked |  0
| 783|0x00000007a5c00000, 0x00000007a5e00000, 0x00000007a5e00000|100%| O|  |TAMS 0x00000007a5e00000| PB 0x00000007a5c00000| Untracked |  0
| 784|0x00000007a5e00000, 0x00000007a6000000, 0x00000007a6000000|100%| O|  |TAMS 0x00000007a6000000| PB 0x00000007a5e00000| Untracked |  0
| 785|0x00000007a6000000, 0x00000007a6200000, 0x00000007a6200000|100%| O|  |TAMS 0x00000007a6200000| PB 0x00000007a6000000| Untracked |  0
| 786|0x00000007a6200000, 0x00000007a6400000, 0x00000007a6400000|100%| O|  |TAMS 0x00000007a6400000| PB 0x00000007a6200000| Untracked |  0
| 787|0x00000007a6400000, 0x00000007a6600000, 0x00000007a6600000|100%| O|  |TAMS 0x00000007a6600000| PB 0x00000007a6400000| Untracked |  0
| 788|0x00000007a6600000, 0x00000007a6800000, 0x00000007a6800000|100%| O|  |TAMS 0x00000007a6800000| PB 0x00000007a6600000| Untracked |  0
| 789|0x00000007a6800000, 0x00000007a6a00000, 0x00000007a6a00000|100%| O|  |TAMS 0x00000007a6a00000| PB 0x00000007a6800000| Untracked |  0
| 790|0x00000007a6a00000, 0x00000007a6c00000, 0x00000007a6c00000|100%| O|  |TAMS 0x00000007a6c00000| PB 0x00000007a6a00000| Untracked |  0
| 791|0x00000007a6c00000, 0x00000007a6e00000, 0x00000007a6e00000|100%| O|  |TAMS 0x00000007a6e00000| PB 0x00000007a6c00000| Untracked |  0
| 792|0x00000007a6e00000, 0x00000007a7000000, 0x00000007a7000000|100%| O|  |TAMS 0x00000007a7000000| PB 0x00000007a6e00000| Untracked |  0
| 793|0x00000007a7000000, 0x00000007a7200000, 0x00000007a7200000|100%| O|  |TAMS 0x00000007a7200000| PB 0x00000007a7000000| Untracked |  0
| 794|0x00000007a7200000, 0x00000007a7400000, 0x00000007a7400000|100%| O|  |TAMS 0x00000007a7400000| PB 0x00000007a7200000| Untracked |  0
| 795|0x00000007a7400000, 0x00000007a7600000, 0x00000007a7600000|100%| O|  |TAMS 0x00000007a7400000| PB 0x00000007a7400000| Untracked |  0
| 796|0x00000007a7600000, 0x00000007a7800000, 0x00000007a7800000|100%| O|  |TAMS 0x00000007a7600000| PB 0x00000007a7600000| Untracked |  0
| 797|0x00000007a7800000, 0x00000007a7a00000, 0x00000007a7a00000|100%| O|  |TAMS 0x00000007a7800000| PB 0x00000007a7800000| Untracked |  0
| 798|0x00000007a7a00000, 0x00000007a7c00000, 0x00000007a7c00000|100%| O|  |TAMS 0x00000007a7a00000| PB 0x00000007a7a00000| Untracked |  0
| 799|0x00000007a7c00000, 0x00000007a7e00000, 0x00000007a7e00000|100%| O|  |TAMS 0x00000007a7c00000| PB 0x00000007a7c00000| Untracked |  0
| 800|0x00000007a7e00000, 0x00000007a8000000, 0x00000007a8000000|100%| O|  |TAMS 0x00000007a7e00000| PB 0x00000007a7e00000| Untracked |  0
| 801|0x00000007a8000000, 0x00000007a8000000, 0x00000007a8200000|  0%| F|  |TAMS 0x00000007a8000000| PB 0x00000007a8000000| Untracked |  0
| 802|0x00000007a8200000, 0x00000007a8200000, 0x00000007a8400000|  0%| F|  |TAMS 0x00000007a8200000| PB 0x00000007a8200000| Untracked |  0
| 803|0x00000007a8400000, 0x00000007a8400000, 0x00000007a8600000|  0%| F|  |TAMS 0x00000007a8400000| PB 0x00000007a8400000| Untracked |  0
| 804|0x00000007a8600000, 0x00000007a8600000, 0x00000007a8800000|  0%| F|  |TAMS 0x00000007a8600000| PB 0x00000007a8600000| Untracked |  0
| 805|0x00000007a8800000, 0x00000007a8800000, 0x00000007a8a00000|  0%| F|  |TAMS 0x00000007a8800000| PB 0x00000007a8800000| Untracked |  0
| 806|0x00000007a8a00000, 0x00000007a8a00000, 0x00000007a8c00000|  0%| F|  |TAMS 0x00000007a8a00000| PB 0x00000007a8a00000| Untracked |  0
| 807|0x00000007a8c00000, 0x00000007a8c00000, 0x00000007a8e00000|  0%| F|  |TAMS 0x00000007a8c00000| PB 0x00000007a8c00000| Untracked |  0
| 808|0x00000007a8e00000, 0x00000007a8e00000, 0x00000007a9000000|  0%| F|  |TAMS 0x00000007a8e00000| PB 0x00000007a8e00000| Untracked |  0
| 809|0x00000007a9000000, 0x00000007a9200000, 0x00000007a9200000|100%| O|  |TAMS 0x00000007a9200000| PB 0x00000007a9000000| Untracked |  0
| 810|0x00000007a9200000, 0x00000007a9400000, 0x00000007a9400000|100%| O|  |TAMS 0x00000007a9400000| PB 0x00000007a9200000| Untracked |  0
| 811|0x00000007a9400000, 0x00000007a9600000, 0x00000007a9600000|100%| O|  |TAMS 0x00000007a9600000| PB 0x00000007a9400000| Untracked |  0
| 812|0x00000007a9600000, 0x00000007a9800000, 0x00000007a9800000|100%| O|  |TAMS 0x00000007a9800000| PB 0x00000007a9600000| Untracked |  0
| 813|0x00000007a9800000, 0x00000007a9a00000, 0x00000007a9a00000|100%| O|  |TAMS 0x00000007a9a00000| PB 0x00000007a9800000| Untracked |  0
| 814|0x00000007a9a00000, 0x00000007a9c00000, 0x00000007a9c00000|100%| O|  |TAMS 0x00000007a9c00000| PB 0x00000007a9a00000| Untracked |  0
| 815|0x00000007a9c00000, 0x00000007a9e00000, 0x00000007a9e00000|100%| O|  |TAMS 0x00000007a9e00000| PB 0x00000007a9c00000| Untracked |  0
| 816|0x00000007a9e00000, 0x00000007aa000000, 0x00000007aa000000|100%| O|  |TAMS 0x00000007aa000000| PB 0x00000007a9e00000| Untracked |  0
| 817|0x00000007aa000000, 0x00000007aa200000, 0x00000007aa200000|100%| O|  |TAMS 0x00000007aa200000| PB 0x00000007aa000000| Untracked |  0
| 818|0x00000007aa200000, 0x00000007aa400000, 0x00000007aa400000|100%| O|  |TAMS 0x00000007aa400000| PB 0x00000007aa200000| Untracked |  0
| 819|0x00000007aa400000, 0x00000007aa600000, 0x00000007aa600000|100%| O|  |TAMS 0x00000007aa600000| PB 0x00000007aa400000| Untracked |  0
| 820|0x00000007aa600000, 0x00000007aa800000, 0x00000007aa800000|100%| O|  |TAMS 0x00000007aa700000| PB 0x00000007aa600000| Untracked |  0
| 821|0x00000007aa800000, 0x00000007aa800000, 0x00000007aaa00000|  0%| F|  |TAMS 0x00000007aa800000| PB 0x00000007aa800000| Untracked |  0
| 822|0x00000007aaa00000, 0x00000007aaa00000, 0x00000007aac00000|  0%| F|  |TAMS 0x00000007aaa00000| PB 0x00000007aaa00000| Untracked |  0
| 823|0x00000007aac00000, 0x00000007aac00000, 0x00000007aae00000|  0%| F|  |TAMS 0x00000007aac00000| PB 0x00000007aac00000| Untracked |  0
| 824|0x00000007aae00000, 0x00000007aae00000, 0x00000007ab000000|  0%| F|  |TAMS 0x00000007aae00000| PB 0x00000007aae00000| Untracked |  0
| 825|0x00000007ab000000, 0x00000007ab000000, 0x00000007ab200000|  0%| F|  |TAMS 0x00000007ab000000| PB 0x00000007ab000000| Untracked |  0
| 826|0x00000007ab200000, 0x00000007ab200000, 0x00000007ab400000|  0%| F|  |TAMS 0x00000007ab200000| PB 0x00000007ab200000| Untracked |  0
| 827|0x00000007ab400000, 0x00000007ab400000, 0x00000007ab600000|  0%| F|  |TAMS 0x00000007ab400000| PB 0x00000007ab400000| Untracked |  0
| 828|0x00000007ab600000, 0x00000007ab600000, 0x00000007ab800000|  0%| F|  |TAMS 0x00000007ab600000| PB 0x00000007ab600000| Untracked |  0
| 829|0x00000007ab800000, 0x00000007ab800000, 0x00000007aba00000|  0%| F|  |TAMS 0x00000007ab800000| PB 0x00000007ab800000| Untracked |  0
| 830|0x00000007aba00000, 0x00000007aba00000, 0x00000007abc00000|  0%| F|  |TAMS 0x00000007aba00000| PB 0x00000007aba00000| Untracked |  0
| 831|0x00000007abc00000, 0x00000007abc00000, 0x00000007abe00000|  0%| F|  |TAMS 0x00000007abc00000| PB 0x00000007abc00000| Untracked |  0
| 832|0x00000007abe00000, 0x00000007abe00000, 0x00000007ac000000|  0%| F|  |TAMS 0x00000007abe00000| PB 0x00000007abe00000| Untracked |  0
| 833|0x00000007ac000000, 0x00000007ac000000, 0x00000007ac200000|  0%| F|  |TAMS 0x00000007ac000000| PB 0x00000007ac000000| Untracked |  0
| 834|0x00000007ac200000, 0x00000007ac200000, 0x00000007ac400000|  0%| F|  |TAMS 0x00000007ac200000| PB 0x00000007ac200000| Untracked |  0
| 835|0x00000007ac400000, 0x00000007ac400000, 0x00000007ac600000|  0%| F|  |TAMS 0x00000007ac400000| PB 0x00000007ac400000| Untracked |  0
| 836|0x00000007ac600000, 0x00000007ac600000, 0x00000007ac800000|  0%| F|  |TAMS 0x00000007ac600000| PB 0x00000007ac600000| Untracked |  0
| 837|0x00000007ac800000, 0x00000007ac800000, 0x00000007aca00000|  0%| F|  |TAMS 0x00000007ac800000| PB 0x00000007ac800000| Untracked |  0
| 838|0x00000007aca00000, 0x00000007aca00000, 0x00000007acc00000|  0%| F|  |TAMS 0x00000007aca00000| PB 0x00000007aca00000| Untracked |  0
| 839|0x00000007acc00000, 0x00000007acc00000, 0x00000007ace00000|  0%| F|  |TAMS 0x00000007acc00000| PB 0x00000007acc00000| Untracked |  0
| 840|0x00000007ace00000, 0x00000007ace00000, 0x00000007ad000000|  0%| F|  |TAMS 0x00000007ace00000| PB 0x00000007ace00000| Untracked |  0
| 841|0x00000007ad000000, 0x00000007ad000000, 0x00000007ad200000|  0%| F|  |TAMS 0x00000007ad000000| PB 0x00000007ad000000| Untracked |  0
| 842|0x00000007ad200000, 0x00000007ad200000, 0x00000007ad400000|  0%| F|  |TAMS 0x00000007ad200000| PB 0x00000007ad200000| Untracked |  0
| 843|0x00000007ad400000, 0x00000007ad400000, 0x00000007ad600000|  0%| F|  |TAMS 0x00000007ad400000| PB 0x00000007ad400000| Untracked |  0
| 844|0x00000007ad600000, 0x00000007ad600000, 0x00000007ad800000|  0%| F|  |TAMS 0x00000007ad600000| PB 0x00000007ad600000| Untracked |  0
| 845|0x00000007ad800000, 0x00000007ad800000, 0x00000007ada00000|  0%| F|  |TAMS 0x00000007ad800000| PB 0x00000007ad800000| Untracked |  0
| 846|0x00000007ada00000, 0x00000007ada00000, 0x00000007adc00000|  0%| F|  |TAMS 0x00000007ada00000| PB 0x00000007ada00000| Untracked |  0
| 847|0x00000007adc00000, 0x00000007adc00000, 0x00000007ade00000|  0%| F|  |TAMS 0x00000007adc00000| PB 0x00000007adc00000| Untracked |  0
| 848|0x00000007ade00000, 0x00000007ade00000, 0x00000007ae000000|  0%| F|  |TAMS 0x00000007ade00000| PB 0x00000007ade00000| Untracked |  0
| 849|0x00000007ae000000, 0x00000007ae000000, 0x00000007ae200000|  0%| F|  |TAMS 0x00000007ae000000| PB 0x00000007ae000000| Untracked |  0
| 850|0x00000007ae200000, 0x00000007ae200000, 0x00000007ae400000|  0%| F|  |TAMS 0x00000007ae200000| PB 0x00000007ae200000| Untracked |  0
| 851|0x00000007ae400000, 0x00000007ae400000, 0x00000007ae600000|  0%| F|  |TAMS 0x00000007ae400000| PB 0x00000007ae400000| Untracked |  0
| 852|0x00000007ae600000, 0x00000007ae600000, 0x00000007ae800000|  0%| F|  |TAMS 0x00000007ae600000| PB 0x00000007ae600000| Untracked |  0
| 853|0x00000007ae800000, 0x00000007ae800000, 0x00000007aea00000|  0%| F|  |TAMS 0x00000007ae800000| PB 0x00000007ae800000| Untracked |  0
| 854|0x00000007aea00000, 0x00000007aea00000, 0x00000007aec00000|  0%| F|  |TAMS 0x00000007aea00000| PB 0x00000007aea00000| Untracked |  0
| 855|0x00000007aec00000, 0x00000007aec00000, 0x00000007aee00000|  0%| F|  |TAMS 0x00000007aec00000| PB 0x00000007aec00000| Untracked |  0
| 856|0x00000007aee00000, 0x00000007aee00000, 0x00000007af000000|  0%| F|  |TAMS 0x00000007aee00000| PB 0x00000007aee00000| Untracked |  0
| 857|0x00000007af000000, 0x00000007af000000, 0x00000007af200000|  0%| F|  |TAMS 0x00000007af000000| PB 0x00000007af000000| Untracked |  0
| 858|0x00000007af200000, 0x00000007af200000, 0x00000007af400000|  0%| F|  |TAMS 0x00000007af200000| PB 0x00000007af200000| Untracked |  0
| 859|0x00000007af400000, 0x00000007af400000, 0x00000007af600000|  0%| F|  |TAMS 0x00000007af400000| PB 0x00000007af400000| Untracked |  0
| 860|0x00000007af600000, 0x00000007af600000, 0x00000007af800000|  0%| F|  |TAMS 0x00000007af600000| PB 0x00000007af600000| Untracked |  0
| 861|0x00000007af800000, 0x00000007af800000, 0x00000007afa00000|  0%| F|  |TAMS 0x00000007af800000| PB 0x00000007af800000| Untracked |  0
| 862|0x00000007afa00000, 0x00000007afa00000, 0x00000007afc00000|  0%| F|  |TAMS 0x00000007afa00000| PB 0x00000007afa00000| Untracked |  0
| 863|0x00000007afc00000, 0x00000007afc00000, 0x00000007afe00000|  0%| F|  |TAMS 0x00000007afc00000| PB 0x00000007afc00000| Untracked |  0
| 864|0x00000007afe00000, 0x00000007afe00000, 0x00000007b0000000|  0%| F|  |TAMS 0x00000007afe00000| PB 0x00000007afe00000| Untracked |  0
| 865|0x00000007b0000000, 0x00000007b0000000, 0x00000007b0200000|  0%| F|  |TAMS 0x00000007b0000000| PB 0x00000007b0000000| Untracked |  0
| 866|0x00000007b0200000, 0x00000007b0200000, 0x00000007b0400000|  0%| F|  |TAMS 0x00000007b0200000| PB 0x00000007b0200000| Untracked |  0
| 867|0x00000007b0400000, 0x00000007b0400000, 0x00000007b0600000|  0%| F|  |TAMS 0x00000007b0400000| PB 0x00000007b0400000| Untracked |  0
| 868|0x00000007b0600000, 0x00000007b0600000, 0x00000007b0800000|  0%| F|  |TAMS 0x00000007b0600000| PB 0x00000007b0600000| Untracked |  0
| 869|0x00000007b0800000, 0x00000007b0800000, 0x00000007b0a00000|  0%| F|  |TAMS 0x00000007b0800000| PB 0x00000007b0800000| Untracked |  0
| 870|0x00000007b0a00000, 0x00000007b0a00000, 0x00000007b0c00000|  0%| F|  |TAMS 0x00000007b0a00000| PB 0x00000007b0a00000| Untracked |  0
| 871|0x00000007b0c00000, 0x00000007b0c00000, 0x00000007b0e00000|  0%| F|  |TAMS 0x00000007b0c00000| PB 0x00000007b0c00000| Untracked |  0
| 872|0x00000007b0e00000, 0x00000007b0e00000, 0x00000007b1000000|  0%| F|  |TAMS 0x00000007b0e00000| PB 0x00000007b0e00000| Untracked |  0
| 873|0x00000007b1000000, 0x00000007b1000000, 0x00000007b1200000|  0%| F|  |TAMS 0x00000007b1000000| PB 0x00000007b1000000| Untracked |  0
| 874|0x00000007b1200000, 0x00000007b1200000, 0x00000007b1400000|  0%| F|  |TAMS 0x00000007b1200000| PB 0x00000007b1200000| Untracked |  0
| 875|0x00000007b1400000, 0x00000007b1400000, 0x00000007b1600000|  0%| F|  |TAMS 0x00000007b1400000| PB 0x00000007b1400000| Untracked |  0
| 876|0x00000007b1600000, 0x00000007b1600000, 0x00000007b1800000|  0%| F|  |TAMS 0x00000007b1600000| PB 0x00000007b1600000| Untracked |  0
| 877|0x00000007b1800000, 0x00000007b1800000, 0x00000007b1a00000|  0%| F|  |TAMS 0x00000007b1800000| PB 0x00000007b1800000| Untracked |  0
| 878|0x00000007b1a00000, 0x00000007b1a00000, 0x00000007b1c00000|  0%| F|  |TAMS 0x00000007b1a00000| PB 0x00000007b1a00000| Untracked |  0
| 879|0x00000007b1c00000, 0x00000007b1c00000, 0x00000007b1e00000|  0%| F|  |TAMS 0x00000007b1c00000| PB 0x00000007b1c00000| Untracked |  0
| 880|0x00000007b1e00000, 0x00000007b1e00000, 0x00000007b2000000|  0%| F|  |TAMS 0x00000007b1e00000| PB 0x00000007b1e00000| Untracked |  0
| 881|0x00000007b2000000, 0x00000007b2000000, 0x00000007b2200000|  0%| F|  |TAMS 0x00000007b2000000| PB 0x00000007b2000000| Untracked |  0
| 882|0x00000007b2200000, 0x00000007b2200000, 0x00000007b2400000|  0%| F|  |TAMS 0x00000007b2200000| PB 0x00000007b2200000| Untracked |  0
| 883|0x00000007b2400000, 0x00000007b2400000, 0x00000007b2600000|  0%| F|  |TAMS 0x00000007b2400000| PB 0x00000007b2400000| Untracked |  0
| 884|0x00000007b2600000, 0x00000007b2600000, 0x00000007b2800000|  0%| F|  |TAMS 0x00000007b2600000| PB 0x00000007b2600000| Untracked |  0
| 885|0x00000007b2800000, 0x00000007b2800000, 0x00000007b2a00000|  0%| F|  |TAMS 0x00000007b2800000| PB 0x00000007b2800000| Untracked |  0
| 886|0x00000007b2a00000, 0x00000007b2a00000, 0x00000007b2c00000|  0%| F|  |TAMS 0x00000007b2a00000| PB 0x00000007b2a00000| Untracked |  0
| 887|0x00000007b2c00000, 0x00000007b2c00000, 0x00000007b2e00000|  0%| F|  |TAMS 0x00000007b2c00000| PB 0x00000007b2c00000| Untracked |  0
| 888|0x00000007b2e00000, 0x00000007b2e00000, 0x00000007b3000000|  0%| F|  |TAMS 0x00000007b2e00000| PB 0x00000007b2e00000| Untracked |  0
| 889|0x00000007b3000000, 0x00000007b3000000, 0x00000007b3200000|  0%| F|  |TAMS 0x00000007b3000000| PB 0x00000007b3000000| Untracked |  0
| 890|0x00000007b3200000, 0x00000007b3200000, 0x00000007b3400000|  0%| F|  |TAMS 0x00000007b3200000| PB 0x00000007b3200000| Untracked |  0
| 891|0x00000007b3400000, 0x00000007b3400000, 0x00000007b3600000|  0%| F|  |TAMS 0x00000007b3400000| PB 0x00000007b3400000| Untracked |  0
| 892|0x00000007b3600000, 0x00000007b3600000, 0x00000007b3800000|  0%| F|  |TAMS 0x00000007b3600000| PB 0x00000007b3600000| Untracked |  0
| 893|0x00000007b3800000, 0x00000007b3800000, 0x00000007b3a00000|  0%| F|  |TAMS 0x00000007b3800000| PB 0x00000007b3800000| Untracked |  0
| 894|0x00000007b3a00000, 0x00000007b3a00000, 0x00000007b3c00000|  0%| F|  |TAMS 0x00000007b3a00000| PB 0x00000007b3a00000| Untracked |  0
| 895|0x00000007b3c00000, 0x00000007b3c00000, 0x00000007b3e00000|  0%| F|  |TAMS 0x00000007b3c00000| PB 0x00000007b3c00000| Untracked |  0
| 896|0x00000007b3e00000, 0x00000007b3e00000, 0x00000007b4000000|  0%| F|  |TAMS 0x00000007b3e00000| PB 0x00000007b3e00000| Untracked |  0
| 897|0x00000007b4000000, 0x00000007b4000000, 0x00000007b4200000|  0%| F|  |TAMS 0x00000007b4000000| PB 0x00000007b4000000| Untracked |  0
|1465|0x00000007fb000000, 0x00000007fb000000, 0x00000007fb200000|  0%| F|  |TAMS 0x00000007fb000000| PB 0x00000007fb000000| Untracked |  0
|1466|0x00000007fb200000, 0x00000007fb200000, 0x00000007fb400000|  0%| F|  |TAMS 0x00000007fb200000| PB 0x00000007fb200000| Untracked |  0
|1467|0x00000007fb400000, 0x00000007fb400000, 0x00000007fb600000|  0%| F|  |TAMS 0x00000007fb400000| PB 0x00000007fb400000| Untracked |  0
|1468|0x00000007fb600000, 0x00000007fb600000, 0x00000007fb800000|  0%| F|  |TAMS 0x00000007fb600000| PB 0x00000007fb600000| Untracked |  0
|1469|0x00000007fb800000, 0x00000007fb800000, 0x00000007fba00000|  0%| F|  |TAMS 0x00000007fb800000| PB 0x00000007fb800000| Untracked |  0
|1470|0x00000007fba00000, 0x00000007fba00000, 0x00000007fbc00000|  0%| F|  |TAMS 0x00000007fba00000| PB 0x00000007fba00000| Untracked |  0
|1471|0x00000007fbc00000, 0x00000007fbc00000, 0x00000007fbe00000|  0%| F|  |TAMS 0x00000007fbc00000| PB 0x00000007fbc00000| Untracked |  0
|1472|0x00000007fbe00000, 0x00000007fbe00000, 0x00000007fc000000|  0%| F|  |TAMS 0x00000007fbe00000| PB 0x00000007fbe00000| Untracked |  0
|1495|0x00000007fec00000, 0x00000007fec00000, 0x00000007fee00000|  0%| F|  |TAMS 0x00000007fec00000| PB 0x00000007fec00000| Untracked |  0
|1496|0x00000007fee00000, 0x00000007fee00000, 0x00000007ff000000|  0%| F|  |TAMS 0x00000007fee00000| PB 0x00000007fee00000| Untracked |  0
|1497|0x00000007ff000000, 0x00000007ff000000, 0x00000007ff200000|  0%| F|  |TAMS 0x00000007ff000000| PB 0x00000007ff000000| Untracked |  0
|1498|0x00000007ff200000, 0x00000007ff200000, 0x00000007ff400000|  0%| F|  |TAMS 0x00000007ff200000| PB 0x00000007ff200000| Untracked |  0
|1499|0x00000007ff400000, 0x00000007ff5173d0, 0x00000007ff600000| 54%| S|CS|TAMS 0x00000007ff400000| PB 0x00000007ff400000| Complete |  0
|1500|0x00000007ff600000, 0x00000007ff800000, 0x00000007ff800000|100%| S|CS|TAMS 0x00000007ff600000| PB 0x00000007ff600000| Complete |  0
|1501|0x00000007ff800000, 0x00000007ff800000, 0x00000007ffa00000|  0%| F|  |TAMS 0x00000007ff800000| PB 0x00000007ff800000| Untracked |  0
|1502|0x00000007ffa00000, 0x00000007ffa00000, 0x00000007ffc00000|  0%| F|  |TAMS 0x00000007ffa00000| PB 0x00000007ffa00000| Untracked |  0

Card table byte_map: [0x000002f2f5520000,0x000002f2f5b10000] _byte_map_base: 0x000002f2f1b01000

Marking Bits: (CMBitMap*) 0x000002f2dd50d180
 Bits: [0x000002f2f5b10000, 0x000002f2f8a18000)

Polling page: 0x000002f2db7e0000

Metaspace:

Usage:
  Non-class:    642.72 KB used.
      Class:     42.32 KB used.
       Both:    685.04 KB used.

Virtual space:
  Non-class space:       64.00 MB reserved,     704.00 KB (  1%) committed,  1 nodes.
      Class space:        1.00 GB reserved,     128.00 KB ( <1%) committed,  1 nodes.
             Both:        1.06 GB reserved,     832.00 KB ( <1%) committed. 

Chunk freelists:
   Non-Class:  11.90 MB
       Class:  15.73 MB
        Both:  27.62 MB

MaxMetaspaceSize: unlimited
CompressedClassSpaceSize: 1.00 GB
Initial GC threshold: 21.00 MB
Current GC threshold: 21.00 MB
CDS: on
 - commit_granule_bytes: 65536.
 - commit_granule_words: 8192.
 - virtual_space_node_default_size: 8388608.
 - enlarge_chunks_in_place: 1.
 - use_allocation_guard: 0.


Internal statistics:

num_allocs_failed_limit: 0.
num_arena_births: 44.
num_arena_deaths: 10.
num_vsnodes_births: 2.
num_vsnodes_deaths: 0.
num_space_committed: 13.
num_space_uncommitted: 0.
num_chunks_returned_to_freelist: 10.
num_chunks_taken_from_freelist: 55.
num_chunk_merges: 1.
num_chunk_splits: 37.
num_chunks_enlarged: 18.
num_inconsistent_stats: 0.

CodeHeap 'non-profiled nmethods': size=120064Kb used=188Kb max_used=188Kb free=119875Kb
 bounds [0x000002f2ed6c0000, 0x000002f2ed930000, 0x000002f2f4c00000]
CodeHeap 'profiled nmethods': size=120000Kb used=420Kb max_used=424Kb free=119579Kb
 bounds [0x000002f2e5c00000, 0x000002f2e5e70000, 0x000002f2ed130000]
CodeHeap 'non-nmethods': size=5696Kb used=1369Kb max_used=1394Kb free=4326Kb
 bounds [0x000002f2ed130000, 0x000002f2ed3a0000, 0x000002f2ed6c0000]
CodeCache: size=245760Kb, used=1977Kb, max_used=2006Kb, free=243780Kb
 total_blobs=841, nmethods=439, adapters=308, full_count=0
Compilation: enabled, stopped_count=0, restarted_count=0

Compilation events (20 events):
Event: 1043.798 Thread 0x000002f2fb444480 nmethod 505 0x000002f2e5c68988 code [0x000002f2e5c68b20, 0x000002f2e5c691d8]
Event: 1043.798 Thread 0x000002f2fb444480  506       3       java.io.BufferedOutputStream::growIfNeeded (59 bytes)
Event: 1043.798 Thread 0x000002f2fb444480 nmethod 506 0x000002f2e5c69208 code [0x000002f2e5c69340, 0x000002f2e5c69620]
Event: 1043.798 Thread 0x000002f2fb444480  507   !   3       java.lang.System$Out::write (31 bytes)
Event: 1043.799 Thread 0x000002f2fb444480 nmethod 507 0x000002f2e5c69688 code [0x000002f2e5c69840, 0x000002f2e5c69fa0]
Event: 1043.815 Thread 0x000002f2fb443770 nmethod 504 0x000002f2ed6ed808 code [0x000002f2ed6ed920, 0x000002f2ed6edb38]
Event: 1141.794 Thread 0x000002f2fb443770  508       4       java.lang.StringLatin1::inflate (34 bytes)
Event: 1141.802 Thread 0x000002f2fb443770 nmethod 508 0x000002f2ed6edc08 code [0x000002f2ed6edd00, 0x000002f2ed6edf08]
Event: 1141.802 Thread 0x000002f2fb443770  509       4       java.io.OutputStream::flush (1 bytes)
Event: 1141.802 Thread 0x000002f2fb443770 nmethod 509 0x000002f2ed6edf88 code [0x000002f2ed6ee080, 0x000002f2ed6ee0f8]
Event: 1247.033 Thread 0x000002f2fb444480  510       3       java.io.FileOutputStream::write (46 bytes)
Event: 1247.034 Thread 0x000002f2fb444480 nmethod 510 0x000002f2e5c35788 code [0x000002f2e5c358e0, 0x000002f2e5c35bc8]
Event: 1247.034 Thread 0x000002f2fb444480  511       3       java.io.FileDescriptor$1::getAppend (5 bytes)
Event: 1247.034 Thread 0x000002f2fb444480 nmethod 511 0x000002f2e5c52988 code [0x000002f2e5c52aa0, 0x000002f2e5c52bb8]
Event: 1257.959 Thread 0x000002f2fb443770  512       4       java.util.concurrent.locks.ReentrantLock$Sync::lock (13 bytes)
Event: 1257.962 Thread 0x000002f2fb443770 nmethod 512 0x000002f2ed6ee288 code [0x000002f2ed6ee380, 0x000002f2ed6ee550]
Event: 1263.838 Thread 0x000002f2fb443770  513       4       java.lang.StringCoding::implEncodeAsciiArray (47 bytes)
Event: 1263.844 Thread 0x000002f2fb443770 nmethod 513 0x000002f2ed6ee608 code [0x000002f2ed6ee700, 0x000002f2ed6ee958]
Event: 2804.380 Thread 0x000002f2fb443770  516       4       java.nio.Buffer::position (52 bytes)
Event: 2804.403 Thread 0x000002f2fb443770 nmethod 516 0x000002f2ed6ef088 code [0x000002f2ed6ef180, 0x000002f2ed6ef270]

GC Heap History (20 events):
Event: 2895.241 GC heap after
{Heap after GC invocations=12480 (full 0):
 garbage-first heap   total reserved 3082240K, committed 1771520K, used 763904K [0x0000000743e00000, 0x0000000800000000)
  region size 2048K, 6 young (12288K), 6 survivors (12288K)
 Metaspace       used 685K, committed 832K, reserved 1114112K
  class space    used 42K, committed 128K, reserved 1048576K
}
Event: 2895.263 GC heap before
{Heap before GC invocations=12480 (full 0):
 garbage-first heap   total reserved 3082240K, committed 1771520K, used 782336K [0x0000000743e00000, 0x0000000800000000)
  region size 2048K, 16 young (32768K), 6 survivors (12288K)
 Metaspace       used 685K, committed 832K, reserved 1114112K
  class space    used 42K, committed 128K, reserved 1048576K
}
Event: 2895.292 GC heap after
{Heap after GC invocations=12481 (full 0):
 garbage-first heap   total reserved 3082240K, committed 1771520K, used 787456K [0x0000000743e00000, 0x0000000800000000)
  region size 2048K, 17 young (34816K), 17 survivors (34816K)
 Metaspace       used 685K, committed 832K, reserved 1114112K
  class space    used 42K, committed 128K, reserved 1048576K
}
Event: 2895.625 GC heap before
{Heap before GC invocations=12482 (full 0):
 garbage-first heap   total reserved 3082240K, committed 1064960K, used 594944K [0x0000000743e00000, 0x0000000800000000)
  region size 2048K, 102 young (208896K), 17 survivors (34816K)
 Metaspace       used 685K, committed 832K, reserved 1114112K
  class space    used 42K, committed 128K, reserved 1048576K
}
Event: 2895.822 GC heap after
{Heap after GC invocations=12483 (full 0):
 garbage-first heap   total reserved 3082240K, committed 1064960K, used 591872K [0x0000000743e00000, 0x0000000800000000)
  region size 2048K, 13 young (26624K), 13 survivors (26624K)
 Metaspace       used 685K, committed 832K, reserved 1114112K
  class space    used 42K, committed 128K, reserved 1048576K
}
Event: 2896.008 GC heap before
{Heap before GC invocations=12483 (full 0):
 garbage-first heap   total reserved 3082240K, committed 1064960K, used 845824K [0x0000000743e00000, 0x0000000800000000)
  region size 2048K, 85 young (174080K), 13 survivors (26624K)
 Metaspace       used 685K, committed 832K, reserved 1114112K
  class space    used 42K, committed 128K, reserved 1048576K
}
Event: 2896.203 GC heap after
{Heap after GC invocations=12484 (full 0):
 garbage-first heap   total reserved 3082240K, committed 1064960K, used 830464K [0x0000000743e00000, 0x0000000800000000)
  region size 2048K, 11 young (22528K), 11 survivors (22528K)
 Metaspace       used 685K, committed 832K, reserved 1114112K
  class space    used 42K, committed 128K, reserved 1048576K
}
Event: 2896.235 GC heap before
{Heap before GC invocations=12484 (full 0):
 garbage-first heap   total reserved 3082240K, committed 1064960K, used 840704K [0x0000000743e00000, 0x0000000800000000)
  region size 2048K, 17 young (34816K), 11 survivors (22528K)
 Metaspace       used 685K, committed 832K, reserved 1114112K
  class space    used 42K, committed 128K, reserved 1048576K
}
Event: 2896.278 GC heap after
{Heap after GC invocations=12485 (full 0):
 garbage-first heap   total reserved 3082240K, committed 1064960K, used 846848K [0x0000000743e00000, 0x0000000800000000)
  region size 2048K, 6 young (12288K), 6 survivors (12288K)
 Metaspace       used 685K, committed 832K, reserved 1114112K
  class space    used 42K, committed 128K, reserved 1048576K
}
Event: 2896.531 GC heap before
{Heap before GC invocations=12486 (full 0):
 garbage-first heap   total reserved 3082240K, committed 1064960K, used 442368K [0x0000000743e00000, 0x0000000800000000)
  region size 2048K, 39 young (79872K), 6 survivors (12288K)
 Metaspace       used 685K, committed 832K, reserved 1114112K
  class space    used 42K, committed 128K, reserved 1048576K
}
Event: 2896.594 GC heap after
{Heap after GC invocations=12487 (full 0):
 garbage-first heap   total reserved 3082240K, committed 1064960K, used 444416K [0x0000000743e00000, 0x0000000800000000)
  region size 2048K, 5 young (10240K), 5 survivors (10240K)
 Metaspace       used 685K, committed 832K, reserved 1114112K
  class space    used 42K, committed 128K, reserved 1048576K
}
Event: 2896.801 GC heap before
{Heap before GC invocations=12487 (full 0):
 garbage-first heap   total reserved 3082240K, committed 1064960K, used 792576K [0x0000000743e00000, 0x0000000800000000)
  region size 2048K, 100 young (204800K), 5 survivors (10240K)
 Metaspace       used 685K, committed 832K, reserved 1114112K
  class space    used 42K, committed 128K, reserved 1048576K
}
Event: 2896.972 GC heap after
{Heap after GC invocations=12488 (full 0):
 garbage-first heap   total reserved 3082240K, committed 1871872K, used 787456K [0x0000000743e00000, 0x0000000800000000)
  region size 2048K, 13 young (26624K), 13 survivors (26624K)
 Metaspace       used 685K, committed 832K, reserved 1114112K
  class space    used 42K, committed 128K, reserved 1048576K
}
Event: 2897.238 GC heap before
{Heap before GC invocations=12488 (full 0):
 garbage-first heap   total reserved 3082240K, committed 1871872K, used 1127424K [0x0000000743e00000, 0x0000000800000000)
  region size 2048K, 104 young (212992K), 13 survivors (26624K)
 Metaspace       used 685K, committed 832K, reserved 1114112K
  class space    used 42K, committed 128K, reserved 1048576K
}
Event: 2897.440 GC heap after
{Heap after GC invocations=12489 (full 0):
 garbage-first heap   total reserved 3082240K, committed 1871872K, used 1122304K [0x0000000743e00000, 0x0000000800000000)
  region size 2048K, 13 young (26624K), 13 survivors (26624K)
 Metaspace       used 685K, committed 832K, reserved 1114112K
  class space    used 42K, committed 128K, reserved 1048576K
}
Event: 2897.670 GC heap before
{Heap before GC invocations=12489 (full 0):
 garbage-first heap   total reserved 3082240K, committed 1871872K, used 1454080K [0x0000000743e00000, 0x0000000800000000)
  region size 2048K, 105 young (215040K), 13 survivors (26624K)
 Metaspace       used 685K, committed 832K, reserved 1114112K
  class space    used 42K, committed 128K, reserved 1048576K
}
Event: 2897.871 GC heap after
{Heap after GC invocations=12490 (full 0):
 garbage-first heap   total reserved 3082240K, committed 1871872K, used 1448960K [0x0000000743e00000, 0x0000000800000000)
  region size 2048K, 14 young (28672K), 14 survivors (28672K)
 Metaspace       used 685K, committed 832K, reserved 1114112K
  class space    used 42K, committed 128K, reserved 1048576K
}
Event: 2897.994 GC heap before
{Heap before GC invocations=12490 (full 0):
 garbage-first heap   total reserved 3082240K, committed 1871872K, used 1670144K [0x0000000743e00000, 0x0000000800000000)
  region size 2048K, 78 young (159744K), 14 survivors (28672K)
 Metaspace       used 685K, committed 832K, reserved 1114112K
  class space    used 42K, committed 128K, reserved 1048576K
}
Event: 2898.152 GC heap after
{Heap after GC invocations=12491 (full 0):
 garbage-first heap   total reserved 3082240K, committed 1871872K, used 1661952K [0x0000000743e00000, 0x0000000800000000)
  region size 2048K, 10 young (20480K), 10 survivors (20480K)
 Metaspace       used 685K, committed 832K, reserved 1114112K
  class space    used 42K, committed 128K, reserved 1048576K
}
Event: 2898.158 GC heap before
{Heap before GC invocations=12491 (full 0):
 garbage-first heap   total reserved 3082240K, committed 1871872K, used 1664000K [0x0000000743e00000, 0x0000000800000000)
  region size 2048K, 12 young (24576K), 10 survivors (20480K)
 Metaspace       used 685K, committed 832K, reserved 1114112K
  class space    used 42K, committed 128K, reserved 1048576K
}

Dll operation events (3 events):
Event: 0.012 Loaded shared library C:\Program Files\Java\jdk-23\bin\java.dll
Event: 0.049 Loaded shared library C:\Program Files\Java\jdk-23\bin\jsvml.dll
Event: 0.094 Loaded shared library C:\Program Files\Java\jdk-23\bin\jimage.dll

Deoptimization events (20 events):
Event: 0.619 Thread 0x000002f2c53dcfb0 Uncommon trap: trap_request=0xffffff45 fr.pc=0x000002f2ed6d33a0 relative=0x0000000000000620
Event: 0.619 Thread 0x000002f2c53dcfb0 Uncommon trap: reason=unstable_if action=reinterpret pc=0x000002f2ed6d33a0 method=java.util.ArrayList$SubList$1.hasNext()Z @ 11 c2
Event: 0.619 Thread 0x000002f2c53dcfb0 DEOPT PACKING pc=0x000002f2ed6d33a0 sp=0x000000f8010ff190
Event: 0.619 Thread 0x000002f2c53dcfb0 DEOPT UNPACKING pc=0x000002f2ed187982 sp=0x000000f8010ff080 mode 2
Event: 0.932 Thread 0x000002f2c5658c30 DEOPT PACKING pc=0x000002f2e5c34232 sp=0x000000f8013ff6f0
Event: 0.932 Thread 0x000002f2c5658c30 DEOPT UNPACKING pc=0x000002f2ed1884c2 sp=0x000000f8013fec50 mode 0
Event: 0.935 Thread 0x000002f2c53dcfb0 DEOPT PACKING pc=0x000002f2e5c34232 sp=0x000000f8011ff6b0
Event: 0.935 Thread 0x000002f2c5717620 DEOPT PACKING pc=0x000002f2e5c34232 sp=0x000000f8012ff6a0
Event: 0.935 Thread 0x000002f2c57cf9e0 DEOPT PACKING pc=0x000002f2e5c34232 sp=0x000000f8010ff060
Event: 0.935 Thread 0x000002f2c53dcfb0 DEOPT UNPACKING pc=0x000002f2ed1884c2 sp=0x000000f8011fec10 mode 0
Event: 0.935 Thread 0x000002f2c5717620 DEOPT UNPACKING pc=0x000002f2ed1884c2 sp=0x000000f8012fec00 mode 0
Event: 0.935 Thread 0x000002f2c57cf9e0 DEOPT UNPACKING pc=0x000002f2ed1884c2 sp=0x000000f8010fe5c0 mode 0
Event: 0.936 Thread 0x000002f2c53dcfb0 DEOPT PACKING pc=0x000002f2e5c26785 sp=0x000000f8011ff6b0
Event: 0.936 Thread 0x000002f2c53dcfb0 DEOPT UNPACKING pc=0x000002f2ed1884c2 sp=0x000000f8011fec10 mode 0
Event: 1.472 Thread 0x000002f2db33ec90 Uncommon trap: trap_request=0xffffffad fr.pc=0x000002f2ed6d5ef8 relative=0x0000000000002478
Event: 1.472 Thread 0x000002f2db33ec90 Uncommon trap: reason=uninitialized action=reinterpret pc=0x000002f2ed6d5ef8 method=Main.main([Ljava/lang/String;)V @ 374 c2
Event: 1.472 Thread 0x000002f2db33ec90 DEOPT PACKING pc=0x000002f2ed6d5ef8 sp=0x000000f87f5ff3f0
Event: 1.472 Thread 0x000002f2db33ec90 DEOPT UNPACKING pc=0x000002f2ed187982 sp=0x000000f87f5ff390 mode 2
Event: 1.603 Thread 0x000002f2db33ec90 DEOPT PACKING pc=0x000002f2e5c553b9 sp=0x000000f87f5ff200
Event: 1.603 Thread 0x000002f2db33ec90 DEOPT UNPACKING pc=0x000002f2ed1884c2 sp=0x000000f87f5fe8a0 mode 0

Classes loaded (20 events):
Event: 0.088 Loading class java/util/Scanner$PatternLRUCache
Event: 0.088 Loading class java/util/Scanner$PatternLRUCache done
Event: 0.091 Loading class jdk/internal/module/ModulePatcher$PatchedModuleReader
Event: 0.091 Loading class jdk/internal/module/ModulePatcher$PatchedModuleReader done
Event: 0.095 Loading class sun/net/www/protocol/jrt/Handler
Event: 0.095 Loading class sun/net/www/protocol/jrt/Handler done
Event: 0.101 Loading class sun/util/resources/LocaleData$CommonResourceBundleProvider
Event: 0.101 Loading class sun/util/resources/LocaleData$LocaleDataResourceBundleProvider
Event: 0.101 Loading class java/util/spi/ResourceBundleProvider
Event: 0.101 Loading class java/util/spi/ResourceBundleProvider done
Event: 0.101 Loading class sun/util/resources/LocaleData$LocaleDataResourceBundleProvider done
Event: 0.101 Loading class sun/util/resources/LocaleData$CommonResourceBundleProvider done
Event: 0.102 Loading class java/util/ArrayList$SubList$1
Event: 0.102 Loading class java/util/ArrayList$SubList$1 done
Event: 0.102 Loading class sun/util/resources/Bundles$2
Event: 0.102 Loading class sun/util/resources/Bundles$2 done
Event: 0.103 Loading class java/lang/InstantiationException
Event: 0.103 Loading class java/lang/InstantiationException done
Event: 0.103 Loading class java/lang/IllegalAccessException
Event: 0.103 Loading class java/lang/IllegalAccessException done

Classes unloaded (5 events):
Event: 1541.479 Thread 0x000002f2fb41a280 Unloading class 0x000002f281005400 'java/lang/invoke/LambdaForm$MH+0x000002f281005400'
Event: 1541.479 Thread 0x000002f2fb41a280 Unloading class 0x000002f281005000 'java/lang/invoke/LambdaForm$MH+0x000002f281005000'
Event: 1541.479 Thread 0x000002f2fb41a280 Unloading class 0x000002f281004800 'java/lang/invoke/LambdaForm$MH+0x000002f281004800'
Event: 1541.479 Thread 0x000002f2fb41a280 Unloading class 0x000002f281003800 'java/lang/invoke/LambdaForm$MH+0x000002f281003800'
Event: 1541.479 Thread 0x000002f2fb41a280 Unloading class 0x000002f281002800 'java/lang/invoke/LambdaForm$MH+0x000002f281002800'

Classes redefined (0 events):
No events

Internal exceptions (1 events):
Event: 1.499 Thread 0x000002f2db33ec90 Exception <a 'java/lang/NoSuchMethodError'{0x000000079cac5880}: 'java.lang.Object java.lang.invoke.DirectMethodHandle$Holder.invokeSpecial(java.lang.Object, java.lang.Object, int, long)'> (0x000000079cac5880) 
thrown [s\open\src\hotspot\share\interpreter\linkResolver.cpp, line 796]

VM Operations (20 events):
Event: 2895.822 Executing VM operation: G1CollectForAllocation (G1 Evacuation Pause) done
Event: 2896.008 Executing VM operation: G1CollectForAllocation (G1 Evacuation Pause)
Event: 2896.203 Executing VM operation: G1CollectForAllocation (G1 Evacuation Pause) done
Event: 2896.235 Executing VM operation: G1TryInitiateConcMark (G1 Humongous Allocation)
Event: 2896.278 Executing VM operation: G1TryInitiateConcMark (G1 Humongous Allocation) done
Event: 2896.402 Executing VM operation: G1PauseRemark
Event: 2896.403 Executing VM operation: G1PauseRemark done
Event: 2896.491 Executing VM operation: G1PauseCleanup
Event: 2896.491 Executing VM operation: G1PauseCleanup done
Event: 2896.531 Executing VM operation: G1CollectForAllocation (G1 Evacuation Pause)
Event: 2896.594 Executing VM operation: G1CollectForAllocation (G1 Evacuation Pause) done
Event: 2896.801 Executing VM operation: G1CollectForAllocation (G1 Evacuation Pause)
Event: 2896.972 Executing VM operation: G1CollectForAllocation (G1 Evacuation Pause) done
Event: 2897.238 Executing VM operation: G1CollectForAllocation (G1 Evacuation Pause)
Event: 2897.440 Executing VM operation: G1CollectForAllocation (G1 Evacuation Pause) done
Event: 2897.670 Executing VM operation: G1CollectForAllocation (G1 Evacuation Pause)
Event: 2897.871 Executing VM operation: G1CollectForAllocation (G1 Evacuation Pause) done
Event: 2897.994 Executing VM operation: G1CollectForAllocation (G1 Evacuation Pause)
Event: 2898.152 Executing VM operation: G1CollectForAllocation (G1 Evacuation Pause) done
Event: 2898.158 Executing VM operation: G1TryInitiateConcMark (G1 Humongous Allocation)

Memory protections (0 events):
No events

Nmethod flushes (20 events):
Event: 562.725 Thread 0x000002f2fb41a280 flushing  nmethod 0x000002f2e5c54b88
Event: 562.725 Thread 0x000002f2fb41a280 flushing  nmethod 0x000002f2e5c55c88
Event: 563.712 Thread 0x000002f2fb41a280 flushing  nmethod 0x000002f2e5c37308
Event: 563.712 Thread 0x000002f2fb41a280 flushing  nmethod 0x000002f2e5c53088
Event: 563.712 Thread 0x000002f2fb41a280 flushing  nmethod 0x000002f2e5c2e708
Event: 572.192 Thread 0x000002f2fb41a280 flushing  nmethod 0x000002f2e5c51b88
Event: 582.339 Thread 0x000002f2fb41a280 flushing  nmethod 0x000002f2e5c37f08
Event: 619.739 Thread 0x000002f2fb41a280 flushing  nmethod 0x000002f2e5c4ff88
Event: 625.365 Thread 0x000002f2fb41a280 flushing  nmethod 0x000002f2e5c3a188
Event: 627.795 Thread 0x000002f2fb41a280 flushing  nmethod 0x000002f2e5c38a08
Event: 662.798 Thread 0x000002f2fb41a280 flushing  nmethod 0x000002f2e5c39608
Event: 679.745 Thread 0x000002f2fb41a280 flushing  nmethod 0x000002f2e5c52c88
Event: 694.844 Thread 0x000002f2fb41a280 flushing  nmethod 0x000002f2e5c34c08
Event: 783.728 Thread 0x000002f2fb41a280 flushing  nmethod 0x000002f2e5c38588
Event: 1045.310 Thread 0x000002f2fb41a280 flushing  nmethod 0x000002f2e5c35788
Event: 1143.371 Thread 0x000002f2fb41a280 flushing  nmethod 0x000002f2e5c52988
Event: 1143.371 Thread 0x000002f2fb41a280 flushing  nmethod 0x000002f2e5c34888
Event: 1259.060 Thread 0x000002f2fb41a280 flushing  nmethod 0x000002f2e5c39208
Event: 1265.478 Thread 0x000002f2fb41a280 flushing  nmethod 0x000002f2e5c31688
Event: 2806.071 Thread 0x000002f2fb41a280 flushing  nmethod 0x000002f2e5c32e08

Events (20 events):
Event: 2897.510 Thread 0x000002f2c55dc260 Thread exited: 0x000002f2c55dc260
Event: 2897.511 Thread 0x000002f2c55db540 Thread exited: 0x000002f2c55db540
Event: 2897.511 Thread 0x000002f2c55dc8f0 Thread exited: 0x000002f2c55dc8f0
Event: 2897.512 Thread 0x000002f2c55dbbd0 Thread exited: 0x000002f2c55dbbd0
Event: 2897.625 Thread 0x000002f2db33ec90 Thread added: 0x000002f2c55dc260
Event: 2897.625 Thread 0x000002f2db33ec90 Thread added: 0x000002f2c55dbbd0
Event: 2897.625 Thread 0x000002f2db33ec90 Thread added: 0x000002f2c55db540
Event: 2897.625 Thread 0x000002f2db33ec90 Thread added: 0x000002f2c55dd610
Event: 2897.643 Thread 0x000002f2c55dbbd0 Thread exited: 0x000002f2c55dbbd0
Event: 2897.643 Thread 0x000002f2c55db540 Thread exited: 0x000002f2c55db540
Event: 2897.643 Thread 0x000002f2c55dc260 Thread exited: 0x000002f2c55dc260
Event: 2897.644 Thread 0x000002f2c55dd610 Thread exited: 0x000002f2c55dd610
Event: 2897.933 Thread 0x000002f2db33ec90 Thread added: 0x000002f2c55da820
Event: 2897.933 Thread 0x000002f2db33ec90 Thread added: 0x000002f2c55dbbd0
Event: 2897.933 Thread 0x000002f2db33ec90 Thread added: 0x000002f2c55de330
Event: 2897.933 Thread 0x000002f2db33ec90 Thread added: 0x000002f2c55dc260
Event: 2897.951 Thread 0x000002f2c55da820 Thread exited: 0x000002f2c55da820
Event: 2897.951 Thread 0x000002f2c55dc260 Thread exited: 0x000002f2c55dc260
Event: 2897.952 Thread 0x000002f2c55dbbd0 Thread exited: 0x000002f2c55dbbd0
Event: 2897.953 Thread 0x000002f2c55de330 Thread exited: 0x000002f2c55de330


Dynamic libraries:
0x00007ff610b20000 - 0x00007ff610b30000 	C:\Program Files\Java\jdk-23\bin\java.exe
0x00007ffef9220000 - 0x00007ffef9487000 	C:\WINDOWS\SYSTEM32\ntdll.dll
0x00007ffef7b40000 - 0x00007ffef7c09000 	C:\WINDOWS\System32\KERNEL32.DLL
0x00007ffef6bb0000 - 0x00007ffef6fa4000 	C:\WINDOWS\System32\KERNELBASE.dll
0x00007ffef6570000 - 0x00007ffef66bb000 	C:\WINDOWS\System32\ucrtbase.dll
0x00007ffee5b40000 - 0x00007ffee5b5b000 	C:\Program Files\Java\jdk-23\bin\VCRUNTIME140.dll
0x00007ffee5490000 - 0x00007ffee54a7000 	C:\Program Files\Java\jdk-23\bin\jli.dll
0x00007ffef83c0000 - 0x00007ffef8585000 	C:\WINDOWS\System32\USER32.dll
0x00007ffef5ba0000 - 0x00007ffef5bc7000 	C:\WINDOWS\System32\win32u.dll
0x00007ffef8300000 - 0x00007ffef832b000 	C:\WINDOWS\System32\GDI32.dll
0x00007ffed4bf0000 - 0x00007ffed4e83000 	C:\WINDOWS\WinSxS\amd64_microsoft.windows.common-controls_6595b64144ccf1df_6.0.26100.8115_none_3e075c82e3354f9c\COMCTL32.dll
0x00007ffef5bd0000 - 0x00007ffef5cfb000 	C:\WINDOWS\System32\gdi32full.dll
0x00007ffef7ec0000 - 0x00007ffef7f69000 	C:\WINDOWS\System32\msvcrt.dll
0x00007ffef66c0000 - 0x00007ffef6763000 	C:\WINDOWS\System32\msvcp_win.dll
0x00007ffef8660000 - 0x00007ffef8692000 	C:\WINDOWS\System32\IMM32.DLL
0x00007ffee7d20000 - 0x00007ffee7d2c000 	C:\Program Files\Java\jdk-23\bin\vcruntime140_1.dll
0x00007ffe7cf50000 - 0x00007ffe7cfde000 	C:\Program Files\Java\jdk-23\bin\msvcp140.dll
0x00007ffe4ac80000 - 0x00007ffe4b9d0000 	C:\Program Files\Java\jdk-23\bin\server\jvm.dll
0x00007ffef7e00000 - 0x00007ffef7eb6000 	C:\WINDOWS\System32\ADVAPI32.dll
0x00007ffef8d70000 - 0x00007ffef8e17000 	C:\WINDOWS\System32\sechost.dll
0x00007ffef78c0000 - 0x00007ffef79d8000 	C:\WINDOWS\System32\RPCRT4.dll
0x00007ffef80d0000 - 0x00007ffef8150000 	C:\WINDOWS\System32\WS2_32.dll
0x00007ffef5950000 - 0x00007ffef59ae000 	C:\WINDOWS\SYSTEM32\POWRPROF.dll
0x00007ffee6c30000 - 0x00007ffee6c3b000 	C:\WINDOWS\SYSTEM32\VERSION.dll
0x00007ffedd490000 - 0x00007ffedd4c6000 	C:\WINDOWS\SYSTEM32\WINMM.dll
0x00007ffef5930000 - 0x00007ffef5944000 	C:\WINDOWS\SYSTEM32\UMPDC.dll
0x00007ffef4880000 - 0x00007ffef489b000 	C:\WINDOWS\SYSTEM32\kernel.appcore.dll
0x00007ffee5d20000 - 0x00007ffee5d2a000 	C:\Program Files\Java\jdk-23\bin\jimage.dll
0x00007ffef32c0000 - 0x00007ffef3502000 	C:\WINDOWS\SYSTEM32\DBGHELP.DLL
0x00007ffef8e50000 - 0x00007ffef91d2000 	C:\WINDOWS\System32\combase.dll
0x00007ffef7f70000 - 0x00007ffef8048000 	C:\WINDOWS\System32\OLEAUT32.dll
0x00007ffee0770000 - 0x00007ffee07ab000 	C:\WINDOWS\SYSTEM32\dbgcore.DLL
0x00007ffef5af0000 - 0x00007ffef5b95000 	C:\WINDOWS\System32\bcryptPrimitives.dll
0x00007ffed9590000 - 0x00007ffed95ae000 	C:\Program Files\Java\jdk-23\bin\java.dll
0x00007ffef7720000 - 0x00007ffef78b7000 	C:\WINDOWS\System32\ole32.dll
0x00007ffef6fb0000 - 0x00007ffef7717000 	C:\WINDOWS\System32\SHELL32.dll
0x00007ffef6800000 - 0x00007ffef696a000 	C:\WINDOWS\System32\wintypes.dll
0x00007ffef5d00000 - 0x00007ffef6568000 	C:\WINDOWS\System32\windows.storage.dll
0x00007ffef7d00000 - 0x00007ffef7df8000 	C:\WINDOWS\System32\SHCORE.dll
0x00007ffef7c10000 - 0x00007ffef7c76000 	C:\WINDOWS\System32\shlwapi.dll
0x00007ffef5a10000 - 0x00007ffef5a39000 	C:\WINDOWS\SYSTEM32\profapi.dll
0x00007ffe78a60000 - 0x00007ffe78b37000 	C:\Program Files\Java\jdk-23\bin\jsvml.dll

dbghelp: loaded successfully - version: 4.0.5 - missing functions: none
symbol engine: initialized successfully - sym options: 0x614 - pdb path: .;C:\Program Files\Java\jdk-23\bin;C:\WINDOWS\SYSTEM32;C:\WINDOWS\WinSxS\amd64_microsoft.windows.common-controls_6595b64144ccf1df_6.0.26100.8115_none_3e075c82e3354f9c;C:\Program Files\Java\jdk-23\bin\server

VM Arguments:
java_command: Main
java_class_path (initial): build/classes/java/main
Launcher Type: SUN_STANDARD

[Global flags]
     intx CICompilerCount                          = 4                                         {product} {ergonomic}
     uint ConcGCThreads                            = 2                                         {product} {ergonomic}
     uint G1ConcRefinementThreads                  = 8                                         {product} {ergonomic}
   size_t G1HeapRegionSize                         = 2097152                                   {product} {ergonomic}
   size_t InitialHeapSize                          = 199229440                                 {product} {ergonomic}
   size_t MarkStackSize                            = 4194304                                   {product} {ergonomic}
   size_t MarkStackSizeMax                         = 536870912                                 {product} {ergonomic}
   size_t MaxHeapSize                              = 3156213760                                {product} {ergonomic}
   size_t MaxNewSize                               = 1893728256                                {product} {ergonomic}
   size_t MinHeapDeltaBytes                        = 2097152                                   {product} {ergonomic}
   size_t MinHeapSize                              = 8388608                                   {product} {ergonomic}
    uintx NonNMethodCodeHeapSize                   = 5832704                                {pd product} {ergonomic}
    uintx NonProfiledCodeHeapSize                  = 122945536                              {pd product} {ergonomic}
    uintx ProfiledCodeHeapSize                     = 122880000                              {pd product} {ergonomic}
    uintx ReservedCodeCacheSize                    = 251658240                              {pd product} {ergonomic}
     bool SegmentedCodeCache                       = true                                      {product} {ergonomic}
   size_t SoftMaxHeapSize                          = 3156213760                             {manageable} {ergonomic}
     bool UseCompressedOops                        = true                           {product lp64_product} {ergonomic}
     bool UseG1GC                                  = true                                      {product} {ergonomic}
     bool UseLargePagesIndividualAllocation        = false                                  {pd product} {ergonomic}

Logging:
Log output configuration:
 #0: stdout all=warning uptime,level,tags foldmultilines=false
 #1: stderr all=off uptime,level,tags foldmultilines=false

Environment Variables:
PATH=C:\Gradle\gradle-8.13\bin;C:\Program Files\Common Files\Oracle\Java\javapath;C:\Program Files (x86)\Common Files\Oracle\Java\java8path;C:\Program Files (x86)\Common Files\Oracle\Java\javapath;C:\WINDOWS\system32;C:\WINDOWS;C:\WINDOWS\System32\Wbem;C:\WINDOWS\System32\WindowsPowerShell\v1.0\;C:\WINDOWS\System32\OpenSSH\;C:\Program Files\dotnet\;C:\Program Files (x86)\Microsoft Group Policy\Windows 11 September 2022 Update (22H2)\PolicyDefinitions\;C:\Program Files (x86)\Microsoft Group Policy\Windows 11 July 2023 Update V3 (22H2)\PolicyDefinitions\;C:\Program Files\CMake\bin;C:\Program Files (x86)\Pulse Secure\VC142.CRT\X64\;C:\Program Files (x86)\Pulse Secure\VC142.CRT\X86\;C:\Program Files (x86)\Common Files\Pulse Secure\TNC Client Plugin\;C:\Program Files\NVIDIA Corporation\NVIDIA App\NvDLISR;C:\Program Files (x86)\NVIDIA Corporation\PhysX\Common;C:\Program Files\Java\jdk-17\bin;C:\Program Files\HP\HP One Agent;C:\Program Files\lip\;C:\Program Files\Notepad++;C:\Program Files\Git\cmd;C:\Users\uesr\AppData\Local\Programs\Eclipse Adoptium\jdk-23.0.2.7-hotspot\bin;C:\Users\uesr\AppData\Local\Programs\Python\Python38-32\Scripts\;C:\Users\uesr\AppData\Local\Programs\Python\Python38-32\;C:\Users\uesr\AppData\Local\Microsoft\WindowsApps;C:\Program Files\CMake\bin;C:\Gradle\gradle-8.13\bin;C:\Users\uesr\AppData\Local\PowerToys\DSCModules\;C:\Users\uesr\AppData\Local\GitHubDesktop\bin;C:\Users\uesr\.dotnet\tools
USERNAME=uesr
OS=Windows_NT
PROCESSOR_IDENTIFIER=Intel64 Family 6 Model 140 Stepping 1, GenuineIntel
TMP=C:\Users\uesr\AppData\Local\Temp
TEMP=C:\Users\uesr\AppData\Local\Temp




Periodic native trim disabled

---------------  S Y S T E M  ---------------

OS:
 Windows 11 , 64 bit Build 26100 (10.0.26100.8246)
OS uptime: 11 days 7:32 hours

CPU: total 8 (initial active 8) (4 cores per cpu, 2 threads per core) family 6 model 140 stepping 1 microcode 0xb8, cx8, cmov, fxsr, ht, mmx, 3dnowpref, sse, sse2, sse3, ssse3, sse4.1, sse4.2, popcnt, lzcnt, tsc, tscinvbit, avx, avx2, aes, erms, clmul, bmi1, bmi2, adx, avx512f, avx512dq, avx512cd, avx512bw, avx512vl, sha, fma, vzeroupper, avx512_vpopcntdq, avx512_vpclmulqdq, avx512_vaes, avx512_vnni, clflush, clflushopt, clwb, avx512_vbmi2, avx512_vbmi, rdtscp, rdpid, fsrm, gfni, avx512_bitalg, f16c, pku, cet_ibt, cet_ss, avx512_ifma
Processor Information for processor 0
  Max Mhz: 3110, Current Mhz: 3110, Mhz Limit: 3110
Processor Information for processor 1
  Max Mhz: 3110, Current Mhz: 3110, Mhz Limit: 3110
Processor Information for processor 2
  Max Mhz: 3110, Current Mhz: 3110, Mhz Limit: 3110
Processor Information for processor 3
  Max Mhz: 3110, Current Mhz: 3110, Mhz Limit: 3110
Processor Information for processor 4
  Max Mhz: 3110, Current Mhz: 3110, Mhz Limit: 3110
Processor Information for processor 5
  Max Mhz: 3110, Current Mhz: 3110, Mhz Limit: 3110
Processor Information for processor 6
  Max Mhz: 3110, Current Mhz: 1203, Mhz Limit: 3110
Processor Information for processor 7
  Max Mhz: 3110, Current Mhz: 1203, Mhz Limit: 3110

Memory: 4k page, system-wide physical 12033M (165M free)
TotalPageFile size 26023M (AvailPageFile size 280M)
current process WorkingSet (physical memory assigned to process): 1836M, peak: 2004M
current process commit charge ("private bytes"): 1958M, peak: 2514M

vm_info: Java HotSpot(TM) 64-Bit Server VM (23.0.2+7-58) for windows-amd64 JRE (23.0.2+7-58), built on 2024-11-29T09:34:55Z with MS VC++ 17.6 (VS2022)

END.
